megabytes,real_sec,rate_Mbps,retrans,cwnd
3.1875,0.10,267.3147,0,1013
3.6250,0.10,304.1387,0,1013
3.5000,0.10,293.6013,0,1013
3.5625,0.10,298.6321,0,1013
3.5625,0.10,298.9428,0,1013
3.5625,0.10,298.9637,0,1013
3.5625,0.10,298.7097,0,1013
3.5000,0.10,293.6571,0,1013
3.5625,0.10,298.9069,0,1013
3.5625,0.10,298.8412,0,1013
3.5000,0.10,293.6072,0,1013
3.5625,0.10,298.8412,0,1013
3.5625,0.10,298.7904,0,1013
3.5625,0.10,298.9159,0,1013
3.5625,0.10,298.6978,0,1013
3.5000,0.10,293.7276,0,1013
3.5625,0.10,298.7545,0,1013
3.5625,0.10,298.9338,0,1013
3.5625,0.10,298.8651,0,1013
3.5000,0.10,293.5778,0,1013
3.5625,0.10,298.8501,0,1013
3.5625,0.10,298.8442,0,1013
3.5000,0.10,293.4458,0,1013
3.5625,0.10,299.0026,0,1013
3.5625,0.10,298.8412,0,1013
3.5625,0.10,298.8412,0,1013
3.5625,0.10,298.8471,0,1013
3.5000,0.10,293.5074,0,1013
3.5625,0.10,298.9428,0,1013
3.5625,0.10,298.8442,0,1013
3.5000,0.10,293.6013,0,1013
3.5000,0.10,293.5925,0,1013
3.5625,0.10,298.7635,0,1013
3.5625,0.10,298.7754,0,1013
3.5625,0.10,299.0026,0,1013
3.5000,0.10,293.5074,0,1013
3.5625,0.10,298.8442,0,1013
3.5625,0.10,298.9428,0,1013
3.5000,0.10,293.6013,0,1013
3.5625,0.10,298.8412,0,1013
3.5625,0.10,298.8442,0,1013
3.5625,0.10,298.8442,0,1013
3.5625,0.10,298.6948,0,1013
3.5000,0.10,293.5837,0,1013
3.5625,0.10,299.0116,0,1013
3.5625,0.10,298.8412,0,1013
3.5000,0.10,293.4164,0,1013
3.6250,0.10,304.2970,0,1013
3.5000,0.10,293.5308,0,1013
3.5625,0.10,298.8203,0,1013
3.5625,0.10,298.9189,0,1013
3.5000,0.10,293.6042,0,1013
3.5625,0.10,298.8471,0,1013
3.5625,0.10,298.8382,0,1013
3.5000,0.10,293.6042,0,1013
3.6250,0.10,304.0870,0,1013
3.5000,0.10,293.6189,0,1013
3.5625,0.10,298.7336,0,1013
3.5625,0.10,298.9398,0,1013
3.5000,0.10,293.5074,0,1013
3.6250,0.10,304.1753,0,1013
3.5000,0.10,293.4898,0,1013
3.5000,0.10,293.6512,0,1013
3.6250,0.10,303.9928,0,1013
3.5000,0.10,293.6101,0,1013
3.5625,0.10,298.8083,0,1013
3.5625,0.10,298.9428,0,1013
3.5000,0.10,293.5338,0,1013
3.6250,0.10,304.0141,0,1013
3.5000,0.10,293.7070,0,1013
3.5625,0.10,298.7277,0,1013
3.5625,0.10,299.0535,0,1013
3.5000,0.10,293.6483,0,1013
3.5625,0.10,298.8412,0,1013
3.5625,0.10,298.8322,0,1013
3.5000,0.10,293.5954,0,1013
3.6250,0.10,304.0931,0,1013
3.5000,0.10,293.6013,0,1013
3.5625,0.10,298.8501,0,1013
3.5625,0.10,298.8442,0,1013
3.5000,0.10,293.6101,0,1013
3.5625,0.10,298.8471,0,1013
3.5625,0.10,298.8292,0,1013
3.5000,0.10,293.5954,0,1013
3.6250,0.10,304.0779,0,1013
3.5000,0.10,293.5514,0,1013
3.5625,0.10,298.8352,0,1013
3.5625,0.10,298.7665,0,1013
3.5000,0.10,293.6248,0,1013
3.5625,0.10,298.8322,0,1013
3.5625,0.10,298.8173,0,1013
3.5625,0.10,298.8830,0,1013
3.5625,0.10,298.8143,0,1013
3.5000,0.10,293.6306,0,1013
3.5625,0.10,298.8471,0,1013
3.5625,0.10,298.8143,0,1013
3.5625,0.10,298.7187,0,1013
3.5000,0.10,293.7158,0,1013
3.5625,0.10,298.8471,0,1013
3.5625,0.10,298.8830,0,1013
3.5625,0.10,298.8382,0,1013
3.5000,0.10,293.5954,0,1013
3.5625,0.10,298.9817,0,1013
3.5625,0.10,298.8591,0,1013
3.5625,0.10,298.8322,0,1013
3.5000,0.10,293.5983,0,1013
3.5625,0.10,298.8442,0,1013
3.5000,0.10,293.6013,0,1013
3.5000,0.10,293.6042,0,1013
3.5000,0.10,293.5983,0,1013
3.4375,0.10,288.3555,0,1013
3.5000,0.10,293.5954,0,1013
3.5000,0.10,293.5015,0,1013
3.5000,0.10,293.7070,0,1013
3.5000,0.10,293.6042,0,1013
3.5000,0.10,293.5983,0,1013
3.5000,0.10,293.6072,0,1013
3.4375,0.10,288.3526,0,1013
3.5000,0.10,293.5983,0,1013
3.5000,0.10,293.3490,0,1013
3.5000,0.10,293.7011,0,1013
3.5000,0.10,293.6130,0,1013
3.4375,0.10,288.3094,0,1013
3.5000,0.10,293.6688,0,1013
3.5000,0.10,293.7158,0,1013
3.5000,0.10,293.6277,0,1013
3.5000,0.10,293.5895,0,1013
3.5000,0.10,293.6013,0,1013
3.4375,0.10,288.3526,0,1013
3.5000,0.10,293.4810,0,1013
3.5000,0.10,293.5690,0,1013
3.5000,0.10,293.6042,0,1013
3.5000,0.10,293.5954,0,1013
3.4375,0.10,288.3526,0,1013
3.5000,0.10,293.6248,0,1013
3.5000,0.10,293.5807,0,1013
3.5000,0.10,293.6072,0,1013
3.5000,0.10,293.6042,0,1013
3.5000,0.10,293.5983,0,1013
3.4375,0.10,288.3815,0,1013
3.5000,0.10,293.5778,0,1013
3.5000,0.10,293.5925,0,1013
3.5000,0.10,293.6072,0,1013
3.5000,0.10,293.6042,0,1013
3.5000,0.10,293.6189,0,1013
3.4375,0.10,288.3613,0,1013
3.5000,0.10,293.5749,0,1013
3.5000,0.10,293.6072,0,1013
3.5000,0.10,293.5925,0,1013
3.5000,0.10,293.5954,0,1013
3.4375,0.10,288.3555,0,1013
3.5000,0.10,293.5484,0,1013
3.5000,0.10,293.6982,0,1013
3.5000,0.10,293.5690,0,1013
3.5000,0.10,293.6395,0,1013
3.5000,0.10,293.5866,0,1013
3.5000,0.10,293.6013,0,1013
3.4375,0.10,288.3325,0,1013
3.5000,0.10,293.6101,0,1013
3.5000,0.10,293.5925,0,1013
3.5000,0.10,293.6042,0,1013
3.5000,0.10,293.4898,0,1013
3.5000,0.10,293.7041,0,1013
3.4375,0.10,288.3757,0,1013
3.5000,0.10,293.6189,0,1013
3.5000,0.10,293.6130,0,1013
3.5000,0.10,293.5661,0,1013
3.4375,0.10,288.5229,0,1013
3.5625,0.10,298.6679,0,1013
3.4375,0.10,288.5171,0,1013
3.5000,0.10,293.6072,0,1013
3.5000,0.10,293.4018,0,1013
3.5000,0.10,293.7952,0,1013
3.5000,0.10,293.5925,0,1013
3.4375,0.10,288.2460,0,1013
3.5000,0.10,293.7246,0,1013
3.5000,0.10,293.5954,0,1013
3.5000,0.10,293.4722,0,1013
3.5000,0.10,293.5778,0,1013
3.5000,0.10,293.6248,0,1013
3.5000,0.10,293.6013,0,1013
3.4375,0.10,288.4161,0,1013
3.5000,0.10,293.5602,0,1013
3.5000,0.10,293.6688,0,1013
3.5000,0.10,293.6512,0,1013
3.5000,0.10,293.6013,0,1013
3.4375,0.10,288.3584,0,1013
3.5000,0.10,293.5514,0,1013
3.5000,0.10,293.5220,0,1013
3.5000,0.10,293.6365,0,1013
3.5000,0.10,293.7100,0,1013
3.4375,0.10,288.2345,0,1013
3.5000,0.10,293.6072,0,1013
3.5000,0.10,293.5543,0,1013
3.5000,0.10,293.6072,0,1013
3.5000,0.10,293.6101,0,1013
3.5000,0.10,293.5895,0,1013
3.5000,0.10,293.5895,0,1013
3.4375,0.10,288.3411,0,1013
3.5000,0.10,293.6277,0,1013
3.5000,0.10,293.6072,0,1013
3.5000,0.10,293.7452,0,1013
3.5000,0.10,293.4428,0,1013
3.4375,0.10,288.3497,0,1013
3.5000,0.10,293.7746,0,1013
3.5000,0.10,293.5103,0,1013
3.5000,0.10,293.4575,0,1013
3.5000,0.10,293.7628,0,1013
3.5000,0.10,293.5250,0,1013
3.5000,0.10,293.6101,0,1013
3.4375,0.10,288.3325,0,1013
3.5000,0.10,293.6923,0,1013
3.5000,0.10,293.5103,0,1013
3.5000,0.10,293.6277,0,1013
3.5000,0.10,293.5895,0,1013
3.5000,0.10,293.5954,0,1013
3.4375,0.10,288.2345,0,1013
3.5000,0.10,293.7276,0,1013
3.5000,0.10,293.6101,0,1013
3.5000,0.10,293.6160,0,1013
3.5000,0.10,293.7246,0,1013
3.5000,0.10,293.6160,0,1013
3.4375,0.10,288.3699,0,1013
3.5000,0.10,293.5426,0,1013
3.5000,0.10,293.6483,0,1013
3.5000,0.10,293.6072,0,1013
3.5000,0.10,293.4692,0,1013
3.4375,0.10,288.3296,0,1013
3.5000,0.10,293.6218,0,1013
3.5000,0.10,293.5807,0,1013
3.5000,0.10,293.5250,0,1013
3.5000,0.10,293.8393,0,1013
3.4375,0.10,288.3555,0,1013
3.5625,0.10,298.8412,0,1013
3.4375,0.10,288.3584,0,1013
3.5000,0.10,293.5543,0,1013
3.5000,0.10,293.6483,0,1013
3.4375,0.10,288.3584,0,1013
3.5625,0.10,298.8442,0,1013
3.4375,0.10,288.3584,0,1013
3.5000,0.10,293.6042,0,1013
3.5000,0.10,293.5983,0,1013
3.4375,0.10,288.3613,0,1013
3.5625,0.10,298.7964,0,1013
3.4375,0.10,288.4017,0,1013
3.5000,0.10,293.4458,0,1013
3.5000,0.10,293.7599,0,1013
3.4375,0.10,288.3555,0,1013
3.5625,0.10,298.8471,0,1013
3.4375,0.10,288.3469,0,1013
3.5000,0.10,293.6130,0,1013
3.5000,0.10,293.6013,0,1013
3.4375,0.10,288.3555,0,1013
3.5625,0.10,298.8113,0,1013
3.4375,0.10,288.3901,0,1013
3.5625,0.10,298.8232,0,1013
3.4375,0.10,288.3411,0,1013
3.5000,0.10,293.6424,0,1013
3.5000,0.10,293.6013,0,1013
3.4375,0.10,288.3584,0,1013
3.5625,0.10,298.8561,0,1013
3.4375,0.10,288.3469,0,1013
3.5625,0.10,298.8442,0,1013
3.4375,0.10,288.3584,0,1013
3.4375,0.10,288.3555,0,1013
3.5625,0.10,298.8471,0,1013
3.4375,0.10,288.3555,0,1013
3.5625,0.10,298.8471,0,1013
3.4375,0.10,288.3555,0,1013
3.5000,0.10,293.5690,0,1013
3.5000,0.10,293.4927,0,1013
3.4375,0.10,288.3497,0,1013
3.5625,0.10,298.8292,0,1013
3.4375,0.10,288.3844,0,1013
3.5000,0.10,293.6571,0,1013
3.5000,0.10,293.5514,0,1013
3.4375,0.10,288.3584,0,1013
3.5625,0.10,298.8501,0,1013
3.4375,0.10,288.3440,0,1013
3.5625,0.10,298.8352,0,1013
3.4375,0.10,288.3757,0,1013
3.4375,0.10,288.3526,0,1013
3.5625,0.10,298.8531,0,1013
3.4375,0.10,288.3296,0,1013
3.5625,0.10,298.8711,0,1013
3.4375,0.10,288.3584,0,1013
3.5000,0.10,293.5925,0,1013
3.5000,0.10,293.6042,0,1013
3.4375,0.10,288.3325,0,1013
3.5625,0.10,298.9966,0,1013
3.4375,0.10,288.2979,0,1013
3.5000,0.10,293.5250,0,1013
3.5000,0.10,293.5015,0,1013
3.4375,0.10,288.4680,0,1013
3.5625,0.10,298.8471,0,1013
3.4375,0.10,288.3584,0,1013
3.5625,0.10,298.7934,0,1013
3.4375,0.10,288.4565,0,1013
3.5000,0.10,293.6248,0,1013
3.5000,0.10,293.5015,0,1013
3.4375,0.10,288.3930,0,1013
3.5625,0.10,298.8471,0,1013
3.4375,0.10,288.3411,0,1013
3.5000,0.10,293.6101,0,1013
3.5000,0.10,293.6160,0,1013
3.4375,0.10,288.2345,0,1013
3.5625,0.10,298.8322,0,1013
3.4375,0.10,288.5517,0,1013
3.5000,0.10,293.5279,0,1013
3.5000,0.10,293.6776,0,1013
3.5000,0.10,293.6688,0,1013
3.5000,0.10,293.3930,0,1013
3.4375,0.10,288.3930,0,1013
3.5625,0.10,298.8412,0,1013
3.4375,0.10,288.3555,0,1013
3.5000,0.10,293.6306,0,1013
3.5000,0.10,293.6806,0,1013
3.4375,0.10,288.2806,0,1013
3.5625,0.10,298.8203,0,1013
3.4375,0.10,288.3959,0,1013
3.5000,0.10,293.6013,0,1013
3.5000,0.10,293.5250,0,1013
3.4375,0.10,288.4305,0,1013
3.5625,0.10,298.8412,0,1013
3.4375,0.10,288.3526,0,1013
3.5625,0.10,298.7396,0,1013
3.4375,0.10,288.5315,0,1013
3.5000,0.10,293.5396,0,1013
3.5000,0.10,293.6718,0,1013
3.4375,0.10,288.2460,0,1013
3.5000,0.10,293.5132,0,1013
3.5000,0.10,293.8599,0,1013
3.5000,0.10,293.6013,0,1013
3.5000,0.10,293.6042,0,1013
3.4375,0.10,288.3584,0,1013
3.5000,0.10,293.6101,0,1013
3.5000,0.10,293.5925,0,1013
3.5000,0.10,293.5983,0,1013
3.5000,0.10,293.5631,0,1013
3.5000,0.10,293.6395,0,1013
3.4375,0.10,288.2950,0,1013
3.5000,0.10,293.6659,0,1013
3.5000,0.10,293.5719,0,1013
3.5000,0.10,293.6365,0,1013
3.5000,0.10,293.5954,0,1013
3.5000,0.10,293.5514,0,1013
3.4375,0.10,288.4017,0,1013
3.5000,0.10,293.6072,0,1013
3.5000,0.10,293.6042,0,1013
3.5000,0.10,293.4722,0,1013
3.5000,0.10,293.4516,0,1013
3.5000,0.10,293.7570,0,1013
3.4375,0.10,288.1884,0,1013
3.5000,0.10,293.7658,0,1013
3.5000,0.10,293.5661,0,1013
3.5000,0.10,293.5426,0,1013
3.5000,0.10,293.6982,0,1013
3.5000,0.10,293.5396,0,1013
3.4375,0.10,288.3267,0,1013
3.5000,0.10,293.6894,0,1013
3.5000,0.10,293.5895,0,1013
3.5000,0.10,293.6072,0,1013
3.5000,0.10,293.6013,0,1013
3.5000,0.10,293.6072,0,1013
3.4375,0.10,288.3411,0,1013
3.5000,0.10,293.6894,0,1013
3.5000,0.10,293.6629,0,1013
3.5000,0.10,293.4575,0,1013
3.5000,0.10,293.6101,0,1013
3.4375,0.10,288.3440,0,1013
3.5000,0.10,293.6072,0,1013
3.5000,0.10,293.6189,0,1013
3.5000,0.10,293.5631,0,1013
3.5000,0.10,293.6189,0,1013
3.4375,0.10,288.3786,0,1013
3.5000,0.10,293.6483,0,1013
3.5000,0.10,293.5074,0,1013
3.5000,0.10,293.6365,0,1013
3.5000,0.10,293.6042,0,1013
3.4375,0.10,288.3382,0,1013
3.5625,0.10,298.8681,0,1013
3.4375,0.10,288.3555,0,1013
3.5000,0.10,293.6013,0,1013
3.5000,0.10,293.6101,0,1013
3.4375,0.10,288.3526,0,1013
3.5625,0.10,298.8531,0,1013
3.4375,0.10,288.3526,0,1013
3.5000,0.10,293.6101,0,1013
3.5000,0.10,293.5308,0,1013
3.4375,0.10,288.4219,0,1013
3.5625,0.10,298.8232,0,1013
3.4375,0.10,288.3440,0,1013
3.5000,0.10,293.6277,0,1013
3.5000,0.10,293.6042,0,1013
3.4375,0.10,288.3440,0,1013
3.5625,0.10,298.8531,0,1013
3.4375,0.10,288.3642,0,1013
3.5625,0.10,298.8352,0,1013
3.4375,0.10,288.3728,0,1013
3.5000,0.10,293.5895,0,1013
3.5000,0.10,293.6101,0,1013
3.4375,0.10,288.3469,0,1013
3.5000,0.10,293.6218,0,1013
3.5000,0.10,293.5925,0,1013
3.5000,0.10,293.6013,0,1013
3.5000,0.10,293.5866,0,1013
3.4375,0.10,288.3671,0,1013
3.5625,0.10,298.8471,0,1013
3.4375,0.10,288.3325,0,1013
3.5000,0.10,293.6365,0,1013
3.5000,0.10,293.5602,0,1013
3.4375,0.10,288.3555,0,1013
3.5625,0.10,298.8561,0,1013
3.4375,0.10,288.3497,0,1013
3.5000,0.10,293.5954,0,1013
3.5000,0.10,293.7687,0,1013
3.5000,0.10,293.6072,0,1013
3.5000,0.10,293.6013,0,1013
3.4375,0.10,288.3584,0,1013
3.5000,0.10,293.5631,0,1013
3.5000,0.10,293.6395,0,1013
3.5000,0.10,293.4692,0,1013
3.5000,0.10,293.4634,0,1013
3.4375,0.10,288.4565,0,1013
3.5000,0.10,293.6306,0,1013
3.5000,0.10,293.5749,0,1013
3.5000,0.10,293.6336,0,1013
3.5000,0.10,293.5807,0,1013
3.5000,0.10,293.6218,0,1013
3.5000,0.10,293.5954,0,1013
3.4375,0.10,288.3353,0,1013
3.5000,0.10,293.6013,0,1013
3.5000,0.10,293.5983,0,1013
3.5000,0.10,293.5983,0,1013
3.4375,0.10,288.3325,0,1013
3.5000,0.10,293.7981,0,1013
3.5000,0.10,293.6013,0,1013
3.5000,0.10,293.5983,0,1013
3.5000,0.10,293.6013,0,1013
3.5000,0.10,293.6013,0,1013
3.5000,0.10,293.6013,0,1013
3.4375,0.10,288.2402,0,1013
3.5000,0.10,293.6013,0,1013
3.5000,0.10,293.5954,0,1013
3.5000,0.10,293.5866,0,1013
3.5000,0.10,293.6072,0,1013
3.4375,0.10,288.3642,0,1013
3.5000,0.10,293.5895,0,1013
3.5000,0.10,293.6130,0,1013
3.5000,0.10,293.5837,0,1013
3.5000,0.10,293.6189,0,1013
3.4375,0.10,288.3238,0,1013
3.5625,0.10,298.8830,0,1013
3.4375,0.10,288.3526,0,1013
3.5000,0.10,293.5866,0,1013
3.5000,0.10,293.5074,0,1013
3.4375,0.10,288.4709,0,1013
3.5625,0.10,298.8023,0,1013
3.4375,0.10,288.3930,0,1013
3.5000,0.10,293.7335,0,1013
3.5000,0.10,293.4722,0,1013
3.4375,0.10,288.3815,0,1013
3.5625,0.10,298.9548,0,1013
3.4375,0.10,288.3584,0,1013
3.5000,0.10,293.5954,0,1013
3.5000,0.10,293.5602,0,1013
3.4375,0.10,288.4045,0,1013
3.5625,0.10,298.8442,0,1013
3.4375,0.10,288.3584,0,1013
3.5625,0.10,298.8442,0,1013
3.4375,0.10,288.3555,0,1013
3.5000,0.10,293.5690,0,1013
3.5000,0.10,293.6306,0,1013
3.4375,0.10,288.3613,0,1013
3.5625,0.10,298.5844,0,1013
3.4375,0.10,288.4767,0,1013
3.5000,0.10,293.6013,0,1013
3.5000,0.10,293.5396,0,1013
3.4375,0.10,288.4219,0,1013
3.5625,0.10,298.8471,0,1013
3.4375,0.10,288.3497,0,1013
3.5000,0.10,293.4868,0,1013
3.5000,0.10,293.6894,0,1013
3.4375,0.10,288.3411,0,1013
3.5625,0.10,298.8800,0,1013
3.4375,0.10,288.3440,0,1013
3.5000,0.10,293.6424,0,1013
3.5000,0.10,293.7246,0,1013
3.4375,0.10,288.3555,0,1013
3.5625,0.10,298.8442,0,1013
3.4375,0.10,288.3584,0,1013
3.5625,0.10,298.7844,0,1013
3.4375,0.10,288.4161,0,1013
3.5000,0.10,293.6013,0,1013
3.5000,0.10,293.6042,0,1013
3.4375,0.10,288.3555,0,1013
3.5625,0.10,298.8053,0,1013
3.4375,0.10,288.3930,0,1013
3.5000,0.10,293.6042,0,1013
3.5000,0.10,293.4780,0,1013
3.4375,0.10,288.3209,0,1013
3.5625,0.10,298.8621,0,1013
3.4375,0.10,288.3555,0,1013
3.5000,0.10,293.5925,0,1013
3.5000,0.10,293.6277,0,1013
3.5000,0.10,293.5719,0,1013
3.5000,0.10,293.6336,0,1013
3.4375,0.10,288.4219,0,1013
3.5625,0.10,298.7277,0,1013
3.4375,0.10,288.3959,0,1013
3.5000,0.10,293.6336,0,1013
3.5000,0.10,293.7100,0,1013
3.4375,0.10,288.3555,0,1013
3.5625,0.10,298.8471,0,1013
3.4375,0.10,288.3555,0,1013
3.5625,0.10,298.8501,0,1013
3.4375,0.10,288.3555,0,1013
3.5000,0.10,293.6013,0,1013
3.5000,0.10,293.6013,0,1013
3.4375,0.10,288.3555,0,1013
3.5625,0.10,298.8442,0,1013
3.4375,0.10,288.3613,0,1013
3.5000,0.10,293.6013,0,1013
3.5000,0.10,293.6013,0,1013
3.4375,0.10,288.3671,0,1013
3.5625,0.10,298.8322,0,1013
3.4375,0.10,288.3584,0,1013
3.5625,0.10,298.8471,0,1013
3.4375,0.10,288.3209,0,1013
3.5000,0.10,293.6395,0,1013
3.5000,0.10,293.6013,0,1013
3.4375,0.10,288.2373,0,1013
3.5625,0.10,298.9039,0,1013
3.4375,0.10,288.2546,0,1013
3.5625,0.10,298.8740,0,1013
3.4375,0.10,288.3382,0,1013
3.5000,0.10,293.7070,0,1013
3.5000,0.10,293.4956,0,1013
3.5000,0.10,293.6013,0,1013
3.5000,0.10,293.5954,0,1013
3.4375,0.10,288.3238,0,1013
3.5000,0.10,293.7393,0,1013
3.5000,0.10,293.5074,0,1013
3.5000,0.10,293.5895,0,1013
3.5000,0.10,293.6072,0,1013
3.5000,0.10,293.5954,0,1013
3.5000,0.10,293.6365,0,1013
3.4375,0.10,288.2345,0,1013
3.5000,0.10,293.8599,0,1013
3.5000,0.10,293.6013,0,1013
3.5000,0.10,293.6013,0,1013
3.5000,0.10,293.6042,0,1013
3.5000,0.10,293.6013,0,1013
3.4375,0.10,288.3671,0,1013
3.5000,0.10,293.5162,0,1013
3.5000,0.10,293.6747,0,1013
3.5000,0.10,293.6013,0,1013
3.5000,0.10,293.6013,0,1013
3.5000,0.10,293.6042,0,1013
3.5000,0.10,293.5543,0,1013
3.4375,0.10,288.4017,0,1013
3.5000,0.10,293.5602,0,1013
3.5000,0.10,293.6424,0,1013
3.5000,0.10,293.6013,0,1013
3.5000,0.10,293.6013,0,1013
3.4375,0.10,288.3469,0,1013
3.5625,0.10,298.8591,0,1013
3.4375,0.10,288.3555,0,1013
3.5625,0.10,298.8442,0,1013
3.4375,0.10,288.3584,0,1013
3.5000,0.10,293.6013,0,1013
3.5625,0.10,298.8053,0,1013
3.5000,0.10,293.6101,0,1013
3.5000,0.10,293.6336,0,1013
3.4375,0.10,288.3440,0,1013
3.5000,0.10,293.6160,0,1013
3.5000,0.10,293.5983,0,1013
3.5000,0.10,293.6042,0,1013
3.5000,0.10,293.6013,0,1013
3.4375,0.10,288.3469,0,1013
3.5625,0.10,298.8681,0,1013
3.4375,0.10,288.3440,0,1013
3.5000,0.10,293.6013,0,1013
3.5000,0.10,293.6042,0,1013
3.5000,0.10,293.6013,0,1013
3.5000,0.10,293.5983,0,1013
3.4375,0.10,288.3584,0,1013
3.5000,0.10,293.5631,0,1013
3.5000,0.10,293.6424,0,1013
3.5000,0.10,293.6013,0,1013
3.5000,0.10,293.3842,0,1013
3.5000,0.10,293.6747,0,1013
3.5000,0.10,293.5749,0,1013
3.4375,0.10,288.3007,0,1013
3.5000,0.10,293.7482,0,1013
3.5000,0.10,293.5250,0,1013
3.5000,0.10,293.5954,0,1013
3.5000,0.10,293.5895,0,1013
3.5000,0.10,293.5250,0,1013
3.4375,0.10,288.4420,0,1013
3.5000,0.10,293.6218,0,1013
3.5000,0.10,293.6835,0,1013
3.5000,0.10,293.5103,0,1013
3.5000,0.10,293.4927,0,1013
3.5000,0.10,293.7423,0,1013
3.5000,0.10,293.4956,0,1013
3.4375,0.10,288.4219,0,1013
3.5000,0.10,293.6042,0,1013
3.5000,0.10,293.6277,0,1013
3.5000,0.10,293.5631,0,1013
3.4375,0.10,288.3959,0,1013
3.5000,0.10,293.6718,0,1013
3.5625,0.10,298.7695,0,1013
3.4375,0.10,288.3440,0,1013
3.5000,0.10,293.5925,0,1013
3.5000,0.10,293.5954,0,1013
3.4375,0.10,288.3526,0,1013
3.5625,0.10,298.8531,0,1013
3.4375,0.10,288.3930,0,1013
3.5625,0.10,298.8023,0,1013
3.4375,0.10,288.3728,0,1013
3.5000,0.10,293.5983,0,1013
3.5000,0.10,293.5895,0,1013
3.4375,0.10,288.3642,0,1013
3.5625,0.10,298.8770,0,1013
3.4375,0.10,288.3209,0,1013
3.5000,0.10,293.5925,0,1013
3.5000,0.10,293.6072,0,1013
3.5000,0.10,293.7070,0,1013
3.5000,0.10,293.5103,0,1013
3.5000,0.10,293.6042,0,1013
3.5000,0.10,293.6130,0,1013
3.4375,0.10,288.3584,0,1013
3.5625,0.10,298.8471,0,1013
3.4375,0.10,288.4017,0,1013
3.5000,0.10,293.6336,0,1013
3.5000,0.10,293.4956,0,1013
3.4375,0.10,288.3671,0,1013
3.5625,0.10,298.9428,0,1013
3.4375,0.10,288.2546,0,1013
3.5000,0.10,293.6101,0,1013
3.5000,0.10,293.4722,0,1013
3.5000,0.10,293.8687,0,1013
3.5000,0.10,293.6248,0,1013
3.4375,0.10,288.3497,0,1013
3.5000,0.10,293.5983,0,1013
3.5000,0.10,293.6101,0,1013
3.5000,0.10,293.6042,0,1013
3.5000,0.10,293.6013,0,1013
3.4375,0.10,288.3584,0,1013
3.5625,0.10,298.8412,0,1013
3.4375,0.10,288.3584,0,1013
3.5000,0.10,293.6013,0,1013
3.5000,0.10,293.6013,0,1013
3.5000,0.10,293.6160,0,1013
3.5000,0.10,293.5866,0,1013
3.4375,0.10,288.3642,0,1013
3.5000,0.10,293.4340,0,1013
3.5000,0.10,293.6747,0,1013
3.5000,0.10,293.6218,0,1013
3.5000,0.10,293.5132,0,1013
3.5000,0.10,293.5690,0,1013
3.5000,0.10,293.6571,0,1013
3.5000,0.10,293.5895,0,1013
3.4375,0.10,288.3353,0,1013
3.5625,0.10,298.8113,0,1013
3.4375,0.10,288.3930,0,1013
3.5000,0.10,293.6160,0,1013
3.5000,0.10,293.5837,0,1013
3.4375,0.10,288.3988,0,1013
3.5625,0.10,298.8083,0,1013
3.5000,0.10,293.6013,0,1013
3.5000,0.10,293.5866,0,1013
3.5000,0.10,293.6189,0,1013
3.4375,0.10,288.3555,0,1013
3.5000,0.10,293.6042,0,1013
3.5000,0.10,293.5954,0,1013
3.5000,0.10,293.6072,0,1013
3.4375,0.10,288.3440,0,1013
3.5625,0.10,298.9308,0,1013
3.4375,0.10,288.3180,0,1013
3.5000,0.10,293.6013,0,1013
3.5000,0.10,293.6042,0,1013
3.5000,0.10,293.6013,0,1013
3.5000,0.10,293.5983,0,1013
3.5000,0.10,293.5837,0,1013
3.4375,0.10,288.2662,0,1013
3.5000,0.10,293.6688,0,1013
3.5000,0.10,293.5954,0,1013
3.5000,0.10,293.7158,0,1013
3.5000,0.10,293.4898,0,1013
3.5000,0.10,293.6218,0,1013
3.5000,0.10,293.6248,0,1013
3.4375,0.10,288.3353,0,1013
3.5000,0.10,293.6013,0,1013
3.5000,0.10,293.7599,0,1013
3.5000,0.10,293.3754,0,1013
3.5000,0.10,293.6600,0,1013
3.4375,0.10,288.3613,0,1013
3.5625,0.10,298.8412,0,1013
3.4375,0.10,288.3555,0,1013
3.5000,0.10,293.5543,0,1013
3.5000,0.10,293.8187,0,1013
3.5000,0.10,293.5543,0,1013
3.5000,0.10,293.5250,0,1013
3.4375,0.10,288.3555,0,1013
3.5625,0.10,298.8442,0,1013
3.4375,0.10,288.3584,0,1013
3.5000,0.10,293.6160,0,1013
3.5000,0.10,293.7100,0,1013
3.4375,0.10,288.2172,0,1013
3.5625,0.10,298.7426,0,1013
3.4375,0.10,288.4420,0,1013
3.5625,0.10,298.7665,0,1013
3.4375,0.10,288.4651,0,1013
3.5000,0.10,293.5983,0,1013
3.5000,0.10,293.5954,0,1013
3.5000,0.10,293.6424,0,1013
3.5000,0.10,293.5279,0,1013
3.5000,0.10,293.6072,0,1013
3.5000,0.10,293.6218,0,1013
3.4375,0.10,288.3613,0,1013
3.5000,0.10,293.5778,0,1013
3.5000,0.10,293.6218,0,1013
3.5000,0.10,293.5983,0,1013
3.5000,0.10,293.5749,0,1013
3.5000,0.10,293.7511,0,1013
3.4375,0.10,288.2172,0,1013
3.5000,0.10,293.7687,0,1013
3.5000,0.10,293.3549,0,1013
3.5000,0.10,293.6923,0,1013
3.5000,0.10,293.5954,0,1013
3.5000,0.10,293.6072,0,1013
3.5000,0.10,293.7423,0,1013
3.4375,0.10,288.3613,0,1013
3.5625,0.10,298.8412,0,1013
3.4375,0.10,288.3613,0,1013
3.5000,0.10,293.5074,0,1013
3.5000,0.10,293.5455,0,1013
3.4375,0.10,288.3382,0,1013
3.5625,0.10,298.8651,0,1013
3.4375,0.10,288.3497,0,1013
3.5000,0.10,293.6277,0,1013
3.5000,0.10,293.5866,0,1013
3.5000,0.10,293.6042,0,1013
3.5000,0.10,293.5983,0,1013
3.4375,0.10,288.4305,0,1013
3.5625,0.10,298.8860,0,1013
3.4375,0.10,288.3988,0,1013
3.5000,0.10,293.6013,0,1013
3.5000,0.10,293.5543,0,1013
3.4375,0.10,288.4045,0,1013
3.5625,0.10,298.8322,0,1013
3.4375,0.10,288.3296,0,1013
3.5000,0.10,293.6160,0,1013
3.5000,0.10,293.6424,0,1013
3.4375,0.10,288.3440,0,1013
3.5625,0.10,298.6978,0,1013
3.4375,0.10,288.4911,0,1013
3.5625,0.10,298.7635,0,1013
3.4375,0.10,288.4420,0,1013
3.5000,0.10,293.4663,0,1013
3.5000,0.10,293.7335,0,1013
3.4375,0.10,288.3065,0,1013
3.5625,0.10,298.8980,0,1013
3.4375,0.10,288.3007,0,1013
3.5625,0.10,298.9069,0,1013
3.4375,0.10,288.1999,0,1013
3.5000,0.10,293.6042,0,1013
3.5000,0.10,293.6218,0,1013
3.5000,0.10,293.6130,0,1013
3.5000,0.10,293.6042,0,1013
3.5000,0.10,293.5837,0,1013
3.4375,0.10,288.3411,0,1013
3.5000,0.10,293.6248,0,1013
3.5000,0.10,293.5807,0,1013
3.5000,0.10,293.6042,0,1013
3.5000,0.10,293.6306,0,1013
3.5000,0.10,293.5602,0,1013
3.4375,0.10,288.2950,0,1013
3.5000,0.10,293.8452,0,1013
3.5000,0.10,293.6013,0,1013
3.5000,0.10,293.5983,0,1013
3.5000,0.10,293.6013,0,1013
3.5000,0.10,293.6042,0,1013
3.4375,0.10,288.2748,0,1013
3.5625,0.10,298.7904,0,1013
3.4375,0.10,288.3555,0,1013
3.5000,0.10,293.7188,0,1013
3.5000,0.10,293.6101,0,1013
3.5000,0.10,293.4692,0,1013
3.5000,0.10,293.7393,0,1013
3.4375,0.10,288.3584,0,1013
3.5625,0.10,298.8442,0,1013
3.4375,0.10,288.0732,0,1013
3.5625,0.10,299.1223,0,1013
3.4375,0.10,288.2863,0,1013
3.4375,0.10,288.4392,0,1013
3.5625,0.10,298.8591,0,1013
3.4375,0.10,288.3555,0,1013
3.5625,0.10,298.8292,0,1013
3.4375,0.10,288.2057,0,1013
3.5000,0.10,293.5983,0,1013
3.5000,0.10,293.4956,0,1013
3.5000,0.10,293.7335,0,1013
3.5000,0.10,293.5895,0,1013
3.4375,0.10,288.3036,0,1013
3.5000,0.10,293.6982,0,1013
3.5000,0.10,293.7129,0,1013
3.5000,0.10,293.6042,0,1013
3.5000,0.10,293.5925,0,1013
3.5000,0.10,293.5925,0,1013
3.5000,0.10,293.6306,0,1013
3.4375,0.10,288.3584,0,1013
3.5000,0.10,293.5895,0,1013
3.5000,0.10,293.5983,0,1013
3.5000,0.10,293.6013,0,1013
3.5000,0.10,293.6013,0,1013
3.5000,0.10,293.6160,0,1013
3.5000,0.10,293.6013,0,1013
3.5000,0.10,293.5895,0,1013
3.4375,0.10,288.3555,0,1013
3.5625,0.10,298.8471,0,1013
3.4375,0.10,288.3555,0,1013
3.5000,0.10,293.6013,0,1013
3.5000,0.10,293.6013,0,1013
3.4375,0.10,288.3584,0,1013
3.5625,0.10,298.8471,0,1013
3.4375,0.10,288.3555,0,1013
3.5625,0.10,298.8471,0,1013
3.4375,0.10,288.3497,0,1013
3.5000,0.10,293.6072,0,1013
3.5000,0.10,293.6013,0,1013
3.4375,0.10,288.3613,0,1013
3.5625,0.10,298.7247,0,1013
3.4375,0.10,288.2950,0,1013
3.5625,0.10,298.8920,0,1013
3.4375,0.10,288.3555,0,1013
3.5000,0.10,293.5954,0,1013
3.5000,0.10,293.5807,0,1013
3.4375,0.10,288.4622,0,1013
3.5625,0.10,298.7456,0,1013
3.4375,0.10,288.3497,0,1013
3.5000,0.10,293.5807,0,1013
3.5000,0.10,293.6218,0,1013
3.5000,0.10,293.6160,0,1013
3.5000,0.10,293.5895,0,1013
3.4375,0.10,288.3497,0,1013
3.5625,0.10,298.8561,0,1013
3.4375,0.10,288.3526,0,1013
3.5000,0.10,293.6101,0,1013
3.5000,0.10,293.6218,0,1013
3.5000,0.10,293.6982,0,1013
3.5000,0.10,293.6365,0,1013
3.4375,0.10,288.3613,0,1013
3.5000,0.10,293.6013,0,1013
3.5000,0.10,293.6130,0,1013
3.5000,0.10,293.5895,0,1013
3.5000,0.10,293.6013,0,1013
3.5000,0.10,293.6013,0,1013
3.5000,0.10,293.5983,0,1013
3.4375,0.10,288.3353,0,1013
3.5000,0.10,293.6277,0,1013
3.5000,0.10,293.5983,0,1013
3.5000,0.10,293.6042,0,1013
3.5000,0.10,293.6013,0,1013
3.4375,0.10,288.3699,0,1013
3.5000,0.10,293.5866,0,1013
3.5625,0.10,298.8442,0,1013
3.4375,0.10,288.3671,0,1013
3.5625,0.10,298.8352,0,1013
3.5000,0.10,293.6013,0,1013
3.4375,0.10,288.3555,0,1013
3.5625,0.10,298.8471,0,1013
3.4375,0.10,288.3555,0,1013
3.5625,0.10,298.8471,0,1013
3.4375,0.10,288.3584,0,1013
3.5000,0.10,293.6160,0,1013
3.5000,0.10,293.5866,0,1013
3.4375,0.10,288.3555,0,1013
3.5625,0.10,298.8561,0,1013
3.4375,0.10,288.2806,0,1013
3.5625,0.10,298.7456,0,1013
3.4375,0.10,288.3786,0,1013
3.5000,0.10,293.6835,0,1013
3.5000,0.10,293.5162,0,1013
3.4375,0.10,288.3815,0,1013
3.5625,0.10,298.8292,0,1013
3.4375,0.10,288.3325,0,1013
3.5000,0.10,293.6072,0,1013
3.5000,0.10,293.6189,0,1013
3.5000,0.10,293.6101,0,1013
3.5000,0.10,293.5837,0,1013
3.4375,0.10,288.3238,0,1013
3.5625,0.10,298.8711,0,1013
3.4375,0.10,288.3555,0,1013
3.5000,0.10,293.6424,0,1013
3.5000,0.10,293.5543,0,1013
3.5000,0.10,293.6365,0,1013
3.5000,0.10,293.7393,0,1013
3.4375,0.10,288.3613,0,1013
3.5000,0.10,293.5983,0,1013
3.5000,0.10,293.6013,0,1013
3.5000,0.10,293.6013,0,1013
3.5000,0.10,293.6013,0,1013
3.5000,0.10,293.6101,0,1013
3.5000,0.10,293.4546,0,1013
3.4375,0.10,288.3325,0,1013
3.5000,0.10,293.6072,0,1013
3.5000,0.10,293.6835,0,1013
3.5000,0.10,293.5308,0,1013
3.5000,0.10,293.5837,0,1013
3.5000,0.10,293.5749,0,1013
3.4375,0.10,288.3901,0,1013
3.5000,0.10,293.5338,0,1013
3.5000,0.10,293.8275,0,1013
3.5000,0.10,293.5983,0,1013
3.5000,0.10,293.6013,0,1013
3.5000,0.10,293.6042,0,1013
3.5000,0.10,293.6013,0,1013
3.4375,0.10,288.3555,0,1013
3.5625,0.10,298.7993,0,1013
3.4375,0.10,288.4017,0,1013
3.5000,0.10,293.5954,0,1013
3.5000,0.10,293.6072,0,1013
3.4375,0.10,288.3584,0,1013
3.5625,0.10,298.8442,0,1013
3.4375,0.10,288.3584,0,1013
3.5625,0.10,298.8471,0,1013
3.4375,0.10,288.3555,0,1013
3.4375,0.10,288.3123,0,1013
3.5625,0.10,298.8920,0,1013
3.4375,0.10,288.3584,0,1013
3.5625,0.10,298.8113,0,1013
3.4375,0.10,288.3901,0,1013
3.5625,0.10,298.8382,0,1013
3.4375,0.10,288.3671,0,1013
3.4375,0.10,288.2921,0,1013
3.5625,0.10,298.7426,0,1013
3.4375,0.10,288.3555,0,1013
3.5625,0.10,298.8471,0,1013
3.4375,0.10,288.3325,0,1013
3.5000,0.10,293.6629,0,1013
3.5000,0.10,293.5983,0,1013
3.5000,0.10,293.7423,0,1013
3.5000,0.10,293.5925,0,1013
3.5000,0.10,293.6160,0,1013
3.5000,0.10,293.5983,0,1013
3.5000,0.10,293.5925,0,1013
3.4375,0.10,288.3555,0,1013
3.5000,0.10,293.6013,0,1013
3.5000,0.10,293.6013,0,1013
3.5000,0.10,293.6130,0,1013
3.5000,0.10,293.5925,0,1013
3.4375,0.10,288.3555,0,1013
3.5625,0.10,298.8471,0,1013
3.4375,0.10,288.3526,0,1013
3.5000,0.10,293.6013,0,1013
3.5000,0.10,293.6042,0,1013
3.4375,0.10,288.2229,0,1013
3.5625,0.10,298.8890,0,1013
3.4375,0.10,288.2892,0,1013
3.5625,0.10,298.8800,0,1013
3.4375,0.10,288.3238,0,1013
3.5625,0.10,298.8442,0,1013
3.4375,0.10,288.5286,0,1013
3.5000,0.10,293.5925,0,1013
3.5000,0.10,293.6013,0,1013
3.4375,0.10,288.3584,0,1013
3.5625,0.10,298.8442,0,1013
3.4375,0.10,288.3526,0,1013
3.5000,0.10,293.6042,0,1013
3.5625,0.10,298.8442,0,1013
3.4375,0.10,288.3584,0,1013
3.5000,0.10,293.6042,0,1013
3.5000,0.10,293.6013,0,1013
3.5000,0.10,293.6013,0,1013
3.5000,0.10,293.6013,0,1013
3.4375,0.10,288.3584,0,1013
3.5625,0.10,298.8471,0,1013
3.4375,0.10,288.3699,0,1013
3.5000,0.10,293.5749,0,1013
3.5000,0.10,293.6130,0,1013
3.4375,0.10,288.3584,0,1013
3.5625,0.10,298.8471,0,1013
3.4375,0.10,288.3584,0,1013
3.5000,0.10,293.6013,0,1013
3.5000,0.10,293.5925,0,1013
3.5000,0.10,293.5925,0,1013
3.5000,0.10,293.6189,0,1013
3.4375,0.10,288.3699,0,1013
3.5625,0.10,298.8292,0,1013
3.4375,0.10,288.3584,0,1013
3.5625,0.10,298.8471,0,1013
3.4375,0.10,288.3555,0,1013
3.5000,0.10,293.6101,0,1013
3.5000,0.10,293.5103,0,1013
3.4375,0.10,288.2863,0,1013
3.5625,0.10,298.8143,0,1013
3.4375,0.10,288.3815,0,1013
3.5000,0.10,293.5983,0,1013
3.5000,0.10,293.6365,0,1013
3.5000,0.10,293.5837,0,1013
3.5000,0.10,293.5778,0,1013
3.4375,0.10,288.3930,0,1013
3.5625,0.10,298.8531,0,1013
3.4375,0.10,288.3238,0,1013
3.5000,0.10,293.6072,0,1013
3.5000,0.10,293.6336,0,1013
3.5000,0.10,293.5602,0,1013
3.5000,0.10,293.6248,0,1013
3.5000,0.10,293.5954,0,1013
3.4375,0.10,288.4478,0,1013
3.5625,0.10,298.7426,0,1013
3.4375,0.10,288.4103,0,1013
3.5000,0.10,293.5396,0,1013
3.5000,0.10,293.5983,0,1013
3.4375,0.10,288.3584,0,1013
3.5625,0.10,298.8740,0,1013
3.4375,0.10,288.2460,0,1013
3.5625,0.10,298.9338,0,1013
3.4375,0.10,288.3584,0,1013
3.5000,0.10,293.5983,0,1013
3.5000,0.10,293.6101,0,1013
3.4375,0.10,288.3497,0,1013
3.5625,0.10,298.9907,0,1013
3.4375,0.10,288.2172,0,1013
3.5625,0.10,298.8412,0,1013
3.4375,0.10,288.4045,0,1013
3.4375,0.10,288.3209,0,1013
3.5625,0.10,298.8412,0,1013
3.4375,0.10,288.3872,0,1013
3.5625,0.10,298.8203,0,1013
3.4375,0.10,288.3469,0,1013
3.5000,0.10,293.6424,0,1013
3.5000,0.10,293.5661,0,1013
3.4375,0.10,288.4680,0,1013
3.5625,0.10,298.7068,0,1013
3.4375,0.10,288.3786,0,1013
3.5625,0.10,298.8740,0,1013
3.4375,0.10,288.3353,0,1013
3.5000,0.10,293.6160,0,1013
3.5000,0.10,293.6835,0,1013
3.4375,0.10,288.3671,0,1013
3.5625,0.10,298.7575,0,1013
3.4375,0.10,288.3382,0,1013
3.5000,0.10,293.5983,0,1013
3.5000,0.10,293.5954,0,1013
3.5000,0.10,293.5778,0,1013
3.5000,0.10,293.5484,0,1013
3.5000,0.10,293.6659,0,1013
3.5000,0.10,293.7305,0,1013
3.4375,0.10,288.3469,0,1013
3.5000,0.10,293.5983,0,1013
3.5000,0.10,293.5074,0,1013
3.5000,0.10,293.5807,0,1013
3.5000,0.10,293.6189,0,1013
3.5000,0.10,293.6160,0,1013
3.4375,0.10,288.3757,0,1013
3.5000,0.10,293.6659,0,1013
3.5000,0.10,293.5220,0,1013
3.5000,0.10,293.5895,0,1013
3.5000,0.10,293.6189,0,1013
3.5000,0.10,293.5807,0,1013
3.4375,0.10,288.3901,0,1013
3.5000,0.10,293.7335,0,1013
3.5000,0.10,293.5983,0,1013
3.5000,0.10,293.6013,0,1013
3.5000,0.10,293.6013,0,1013
3.5000,0.10,293.6013,0,1013
3.4375,0.10,288.3584,0,1013
3.5625,0.10,298.8471,0,1013
3.4375,0.10,288.3497,0,1013
3.5625,0.10,298.8412,0,1013
3.4375,0.10,288.3671,0,1013
3.5000,0.10,293.6013,0,1013
3.5000,0.10,293.6013,0,1013
3.5000,0.10,293.5572,0,1013
3.5000,0.10,293.6395,0,1013
3.4375,0.10,288.3209,0,1013
3.5625,0.10,298.9039,0,1013
3.4375,0.10,288.3584,0,1013
3.5000,0.10,293.6013,0,1013
3.5000,0.10,293.5983,0,1013
3.5000,0.10,293.6042,0,1013
3.5000,0.10,293.6013,0,1013
3.4375,0.10,288.3584,0,1013
3.5000,0.10,293.5895,0,1013
3.5000,0.10,293.5954,0,1013
3.5000,0.10,293.5983,0,1013
3.5000,0.10,293.6072,0,1013
3.5000,0.10,293.5514,0,1013
3.5000,0.10,293.6512,0,1013
3.4375,0.10,288.3325,0,1013
3.5000,0.10,293.6277,0,1013
3.5000,0.10,293.6013,0,1013
3.5000,0.10,293.5925,0,1013
3.5000,0.10,293.6101,0,1013
3.5000,0.10,293.6013,0,1013
3.4375,0.10,288.2028,0,1013
3.5000,0.10,293.6013,0,1013
3.5000,0.10,293.5983,0,1013
3.5000,0.10,293.5983,0,1013
3.5000,0.10,293.5954,0,1013
3.5000,0.10,293.7041,0,1013
3.5000,0.10,293.4458,0,1013
3.4375,0.10,288.4449,0,1013
3.5000,0.10,293.5807,0,1013
3.5000,0.10,293.5837,0,1013
3.5000,0.10,293.6512,0,1013
3.5000,0.10,293.5631,0,1013
3.4375,0.10,288.3872,0,1013
3.5625,0.10,298.8471,0,1013
3.4375,0.10,288.3642,0,1013
3.5000,0.10,293.7158,0,1013
3.5000,0.10,293.5396,0,1013
3.4375,0.10,288.2748,0,1013
3.5625,0.10,298.8262,0,1013
3.4375,0.10,288.3699,0,1013
3.5625,0.10,298.8681,0,1013
3.4375,0.10,288.3353,0,1013
3.5000,0.10,293.6248,0,1013
3.5000,0.10,293.6747,0,1013
3.4375,0.10,288.2575,0,1013
3.5625,0.10,298.8501,0,1013
3.4375,0.10,288.3497,0,1013
3.5000,0.10,293.6336,0,1013
3.5000,0.10,293.5778,0,1013
3.4375,0.10,288.3872,0,1013
3.5625,0.10,298.9219,0,1013
3.4375,0.10,288.3238,0,1013
3.5625,0.10,298.9279,0,1013
3.4375,0.10,288.3671,0,1013
3.5000,0.10,293.5543,0,1013
3.5000,0.10,293.6483,0,1013
3.5000,0.10,293.5602,0,1013
3.5000,0.10,293.6453,0,1013
3.4375,0.10,288.3555,0,1013
3.5625,0.10,298.8471,0,1013
3.4375,0.10,288.3555,0,1013
3.5000,0.10,293.6013,0,1013
3.5000,0.10,293.6013,0,1013
3.5000,0.10,293.6042,0,1013
3.5000,0.10,293.4546,0,1013
3.5000,0.10,293.6189,0,1013
3.4375,0.10,288.3469,0,1013
3.5000,0.10,293.5954,0,1013
3.5000,0.10,293.5749,0,1013
3.5000,0.10,293.6042,0,1013
3.5000,0.10,293.6953,0,1013
3.5000,0.10,293.6747,0,1013
3.5000,0.10,293.5807,0,1013
3.4375,0.10,288.3815,0,1013
3.5000,0.10,293.5983,0,1013
3.5000,0.10,293.6072,0,1013
3.5000,0.10,293.5983,0,1013
3.5000,0.10,293.4663,0,1013
3.4375,0.10,288.3353,0,1013
3.5625,0.10,298.8711,0,1013
3.4375,0.10,288.4998,0,1013
3.5000,0.10,293.5866,0,1013
3.5000,0.10,293.6042,0,1013
3.5000,0.10,293.5983,0,1013
3.5000,0.10,293.4634,0,1013
3.4375,0.10,288.3325,0,1013
3.5625,0.10,298.8711,0,1013
3.4375,0.10,288.3584,0,1013
3.5000,0.10,293.5396,0,1013
3.5000,0.10,293.8011,0,1013
3.4375,0.10,288.2229,0,1013
3.5625,0.10,298.9159,0,1013
3.5000,0.10,293.5044,0,1013
3.5000,0.10,293.6072,0,1013
3.5000,0.10,293.6277,0,1013
3.4375,0.10,288.3296,0,1013
3.5625,0.10,298.8471,0,1013
3.4375,0.10,288.3699,0,1013
3.5000,0.10,293.6747,0,1013
3.5000,0.10,293.5103,0,1013
3.5000,0.10,293.6365,0,1013
3.5000,0.10,293.6130,0,1013
3.4375,0.10,288.3497,0,1013
3.5625,0.10,298.8501,0,1013
3.4375,0.10,288.3411,0,1013
3.5625,0.10,298.8621,0,1013
3.4375,0.10,288.3555,0,1013
3.5000,0.10,293.7129,0,1013
3.5000,0.10,293.4516,0,1013
3.4375,0.10,288.4247,0,1013
3.5625,0.10,298.7934,0,1013
3.4375,0.10,288.3497,0,1013
3.5625,0.10,298.8352,0,1013
3.4375,0.10,288.3642,0,1013
3.5000,0.10,293.6306,0,1013
3.5000,0.10,293.5572,0,1013
3.4375,0.10,288.3959,0,1013
3.5625,0.10,298.9817,0,1013
3.4375,0.10,288.3584,0,1013
3.5000,0.10,293.5572,0,1013
3.5000,0.10,293.6395,0,1013
3.5000,0.10,293.6072,0,1013
3.5000,0.10,293.5983,0,1013
3.4375,0.10,288.3584,0,1013
3.5000,0.10,293.6013,0,1013
3.5000,0.10,293.6042,0,1013
3.5000,0.10,293.6013,0,1013
3.5000,0.10,293.5983,0,1013
3.5000,0.10,293.6013,0,1013
3.5000,0.10,293.6072,0,1013
3.5000,0.10,293.5954,0,1013
3.4375,0.10,288.3728,0,1013
3.5000,0.10,293.4604,0,1013
3.5000,0.10,293.5661,0,1013
3.5000,0.10,293.6013,0,1013
3.5000,0.10,293.5983,0,1013
3.4375,0.10,288.4247,0,1013
3.5625,0.10,298.7068,0,1013
3.4375,0.10,288.4276,0,1013
3.5000,0.10,293.7011,0,1013
3.5000,0.10,293.6629,0,1013
3.5000,0.10,293.6013,0,1013
3.5000,0.10,293.6013,0,1013
3.4375,0.10,288.3584,0,1013
3.5625,0.10,298.8442,0,1013
3.4375,0.10,288.3584,0,1013
3.5000,0.10,293.6042,0,1013
3.5000,0.10,293.5954,0,1013
3.4375,0.10,288.3613,0,1013
3.5625,0.10,298.8352,0,1013
3.4375,0.10,288.3671,0,1013
3.5625,0.10,298.8471,0,1013
3.4375,0.10,288.3584,0,1013
3.5000,0.10,293.4546,0,1013
3.5000,0.10,293.5837,0,1013
3.4375,0.10,288.5113,0,1013
3.5625,0.10,298.6232,0,1013
3.5000,0.10,293.6600,0,1013
3.5000,0.10,293.6072,0,1013
3.5000,0.10,293.5455,0,1013
3.4375,0.10,288.4045,0,1013
3.5625,0.10,298.8501,0,1013
3.4375,0.10,288.3613,0,1013
3.5625,0.10,298.8681,0,1013
3.4375,0.10,288.2143,0,1013
3.5000,0.10,293.7158,0,1013
3.5000,0.10,293.7717,0,1013
3.4375,0.10,288.3555,0,1013
3.5625,0.10,298.7993,0,1013
3.4375,0.10,288.4017,0,1013
3.5000,0.10,293.6013,0,1013
3.5000,0.10,293.6042,0,1013
3.4375,0.10,288.1423,0,1013
3.5625,0.10,298.8950,0,1013
3.4375,0.10,288.3671,0,1013
3.5625,0.10,298.8292,0,1013
3.4375,0.10,288.3671,0,1013
3.5000,0.10,293.4839,0,1013
3.5000,0.10,293.8834,0,1013
3.4375,0.10,288.3584,0,1013
3.5625,0.10,298.8442,0,1013
3.4375,0.10,288.3584,0,1013
3.5000,0.10,293.6042,0,1013
3.5000,0.10,293.5338,0,1013
3.5000,0.10,293.5279,0,1013
3.5000,0.10,293.5719,0,1013
3.4375,0.10,288.3584,0,1013
3.5625,0.10,298.9458,0,1013
3.4375,0.10,288.2662,0,1013
3.5000,0.10,293.5895,0,1013
3.5000,0.10,293.6130,0,1013
3.5000,0.10,293.6072,0,1013
3.5000,0.10,293.5954,0,1013
3.5000,0.10,293.6218,0,1013
3.4375,0.10,288.3382,0,1013
3.5625,0.10,298.8143,0,1013
3.4375,0.10,288.3930,0,1013
3.5000,0.10,293.5866,0,1013
3.5000,0.10,293.6160,0,1013
3.5000,0.10,293.6277,0,1013
3.5000,0.10,293.5925,0,1013
3.4375,0.10,288.3699,0,1013
3.5000,0.10,293.6042,0,1013
3.5000,0.10,293.6424,0,1013
3.5000,0.10,293.5602,0,1013
3.5000,0.10,293.5925,0,1013
3.4375,0.10,288.3671,0,1013
3.5625,0.10,298.8412,0,1013
3.4375,0.10,288.3613,0,1013
3.5625,0.10,298.8352,0,1013
3.4375,0.10,288.3526,0,1013
3.5000,0.10,293.7129,0,1013
3.5000,0.10,293.6306,0,1013
3.4375,0.10,288.3267,0,1013
3.5000,0.10,293.6336,0,1013
3.5000,0.10,293.5983,0,1013
3.5000,0.10,293.6013,0,1013
3.5000,0.10,293.6013,0,1013
3.4375,0.10,288.3584,0,1013
3.5625,0.10,298.8442,0,1013
3.4375,0.10,288.3584,0,1013
3.5000,0.10,293.5807,0,1013
3.5000,0.10,293.6248,0,1013
3.5000,0.10,293.5749,0,1013
3.5000,0.10,293.6189,0,1013
3.4375,0.10,288.3613,0,1013
3.5625,0.10,298.8501,0,1013
3.4375,0.10,288.3555,0,1013
3.5000,0.10,293.6130,0,1013
3.5000,0.10,293.5895,0,1013
3.5000,0.10,293.6042,0,1013
3.5000,0.10,293.5690,0,1013
3.4375,0.10,288.4017,0,1013
3.5625,0.10,298.8322,0,1013
3.4375,0.10,288.3584,0,1013
3.5000,0.10,293.5631,0,1013
3.5000,0.10,293.6395,0,1013
3.4375,0.10,288.3555,0,1013
3.5625,0.10,298.8471,0,1013
3.4375,0.10,288.3555,0,1013
3.5000,0.10,293.6013,0,1013
3.5000,0.10,293.6042,0,1013
3.5000,0.10,293.5983,0,1013
3.5000,0.10,293.5719,0,1013
3.4375,0.10,288.3872,0,1013
3.5625,0.10,298.8471,0,1013
3.4375,0.10,288.3584,0,1013
3.5000,0.10,293.6013,0,1013
3.5000,0.10,293.6013,0,1013
3.4375,0.10,288.3584,0,1013
3.5625,0.10,298.8262,0,1013
3.4375,0.10,288.3757,0,1013
3.5000,0.10,293.5983,0,1013
3.5000,0.10,293.5543,0,1013
3.5000,0.10,293.6483,0,1013
3.5000,0.10,293.6042,0,1013
3.4375,0.10,288.1337,0,1013
3.5625,0.10,298.9308,0,1013
3.4375,0.10,288.3469,0,1013
3.5000,0.10,293.6248,0,1013
3.5000,0.10,293.5719,0,1013
3.5000,0.10,293.5895,0,1013
3.5000,0.10,293.6101,0,1013
3.4375,0.10,288.3699,0,1013
3.5000,0.10,293.5837,0,1013
3.5000,0.10,293.6101,0,1013
3.5000,0.10,293.6336,0,1013
3.5000,0.10,293.6013,0,1013
3.5000,0.10,293.5895,0,1013
3.5000,0.10,293.5719,0,1013
3.5000,0.10,293.5983,0,1013
3.4375,0.10,288.3613,0,1013
3.5000,0.10,293.6101,0,1013
3.5000,0.10,293.6101,0,1013
3.5000,0.10,293.5925,0,1013
3.5000,0.10,293.6160,0,1013
3.4375,0.10,288.3353,0,1013
3.5000,0.10,293.6072,0,1013
3.5000,0.10,293.6013,0,1013
3.5000,0.10,293.6747,0,1013
3.5000,0.10,293.4692,0,1013
3.5000,0.10,293.7628,0,1013
3.4375,0.10,288.2546,0,1013
3.5000,0.10,293.7100,0,1013
3.5000,0.10,293.4986,0,1013
3.5000,0.10,293.6042,0,1013
3.5000,0.10,293.6160,0,1013
3.5000,0.10,293.6864,0,1013
3.4375,0.10,288.4017,0,1013
3.5000,0.10,293.6013,0,1013
3.5000,0.10,293.5279,0,1013
3.5625,0.10,298.9219,0,1013
3.4375,0.10,288.3613,0,1013
3.5000,0.10,293.6072,0,1013
3.5000,0.10,293.5983,0,1013
3.5000,0.10,293.6042,0,1013
3.5000,0.10,293.6101,0,1013
3.5000,0.10,293.5895,0,1013
3.5000,0.10,293.6042,0,1013
3.5000,0.10,293.5895,0,1013
3.4375,0.10,288.3699,0,1013
3.5000,0.10,293.6130,0,1013
3.5000,0.10,293.6042,0,1013
3.5000,0.10,293.5983,0,1013
3.5000,0.10,293.6042,0,1013
3.4375,0.10,288.3584,0,1013
3.5000,0.10,293.5426,0,1013
3.5000,0.10,293.6600,0,1013
3.5000,0.10,293.5983,0,1013
3.5000,0.10,293.6042,0,1013
3.5000,0.10,293.5866,0,1013
3.5000,0.10,293.6042,0,1013
3.4375,0.10,288.3555,0,1013
3.5000,0.10,293.6101,0,1013
3.5000,0.10,293.5925,0,1013
3.5000,0.10,293.6013,0,1013
3.5000,0.10,293.6013,0,1013
3.4375,0.10,288.3469,0,1013
3.5000,0.10,293.5543,0,1013
3.5000,0.10,293.6600,0,1013
3.5000,0.10,293.5044,0,1013
3.5000,0.10,293.6982,0,1013
3.5000,0.10,293.5983,0,1013
3.5000,0.10,293.6042,0,1013
3.4375,0.10,288.3584,0,1013
3.5000,0.10,293.6160,0,1013
3.5000,0.10,293.6013,0,1013
3.5000,0.10,293.5895,0,1013
3.5000,0.10,293.5983,0,1013
3.4375,0.10,288.3584,0,1013
3.5625,0.10,298.8083,0,1013
3.4375,0.10,288.3930,0,1013
3.5625,0.10,298.8382,0,1013
3.4375,0.10,288.2287,0,1013
3.5000,0.10,293.7305,0,1013
3.5000,0.10,293.6042,0,1013
3.4375,0.10,288.3526,0,1013
3.5625,0.10,298.7456,0,1013
3.4375,0.10,288.3152,0,1013
3.5625,0.10,298.8651,0,1013
3.4375,0.10,288.3642,0,1013
3.5000,0.10,293.5602,0,1013
3.5000,0.10,293.5250,0,1013
3.4375,0.10,288.4392,0,1013
3.5625,0.10,298.8382,0,1013
3.4375,0.10,288.3988,0,1013
3.5000,0.10,293.5925,0,1013
3.5000,0.10,293.7393,0,1013
3.4375,0.10,288.3555,0,1013
3.5625,0.10,298.8442,0,1013
3.4375,0.10,288.3584,0,1013
3.5000,0.10,293.6160,0,1013
3.5000,0.10,293.5866,0,1013
3.5000,0.10,293.6042,0,1013
3.5000,0.10,293.5925,0,1013
3.4375,0.10,288.3007,0,1013
3.5625,0.10,298.9129,0,1013
3.4375,0.10,288.3584,0,1013
3.5000,0.10,293.6013,0,1013
3.5000,0.10,293.6013,0,1013
3.5000,0.10,293.5396,0,1013
3.5000,0.10,293.6629,0,1013
3.5000,0.10,293.5543,0,1013
3.4375,0.10,288.3988,0,1013
3.5000,0.10,293.5778,0,1013
3.5000,0.10,293.6306,0,1013
3.5000,0.10,293.6130,0,1013
3.5000,0.10,293.5895,0,1013
3.5000,0.10,293.6013,0,1013
3.5000,0.10,293.6013,0,1013
3.4375,0.10,288.3584,0,1013
3.5000,0.10,293.6042,0,1013
3.5000,0.10,293.4604,0,1013
3.5000,0.10,293.6072,0,1013
3.5000,0.10,293.5983,0,1013
3.4375,0.10,288.3613,0,1013
3.5625,0.10,298.8262,0,1013
3.4375,0.10,288.3353,0,1013
3.5000,0.10,293.6248,0,1013
3.5000,0.10,293.5719,0,1013
3.5000,0.10,293.6160,0,1013
3.5000,0.10,293.6218,0,1013
3.4375,0.10,288.3382,0,1013
3.5625,0.10,298.8471,0,1013
3.4375,0.10,288.3296,0,1013
3.5625,0.10,298.8950,0,1013
3.4375,0.10,288.4017,0,1013
3.5000,0.10,293.5279,0,1013
3.5000,0.10,293.6336,0,1013
3.4375,0.10,288.3152,0,1013
3.5625,0.10,299.0266,0,1013
3.4375,0.10,288.3584,0,1013
3.5000,0.10,293.5602,0,1013
3.5000,0.10,293.6424,0,1013
3.5000,0.10,293.5983,0,1013
3.5000,0.10,293.6042,0,1013
3.5000,0.10,293.5426,0,1013
3.5000,0.10,293.6688,0,1013
3.5000,0.10,293.5866,0,1013
3.4375,0.10,288.3613,0,1013
3.5625,0.10,298.8083,0,1013
3.4375,0.10,288.4103,0,1013
3.5000,0.10,293.5983,0,1013
3.5000,0.10,293.5895,0,1013
3.4375,0.10,288.2172,0,1013
3.5625,0.10,298.8442,0,1013
3.4375,0.10,288.4420,0,1013
3.5000,0.10,293.5807,0,1013
3.5000,0.10,293.5543,0,1013
3.5000,0.10,293.5661,0,1013
3.5000,0.10,293.6042,0,1013
3.4375,0.10,288.3469,0,1013
3.5625,0.10,298.8561,0,1013
3.4375,0.10,288.3526,0,1013
3.5000,0.10,293.7540,0,1013
3.5000,0.10,293.5602,0,1013
3.5000,0.10,293.3754,0,1013
3.5000,0.10,293.8746,0,1013
3.4375,0.10,288.3642,0,1013
3.5625,0.10,298.8471,0,1013
3.4375,0.10,288.3555,0,1013
3.5000,0.10,293.4751,0,1013
3.5000,0.10,293.5895,0,1013
3.5000,0.10,293.7335,0,1013
3.5000,0.10,293.6013,0,1013
3.5000,0.10,293.5338,0,1013
3.5000,0.10,293.6894,0,1013
3.4375,0.10,288.3440,0,1013
3.5000,0.10,293.6160,0,1013
3.5000,0.10,293.5866,0,1013
3.5000,0.10,293.5866,0,1013
3.5000,0.10,293.6189,0,1013
3.4375,0.10,288.3497,0,1013
3.5000,0.10,293.6130,0,1013
3.5000,0.10,293.6130,0,1013
3.5000,0.10,293.6013,0,1013
3.5000,0.10,293.5866,0,1013
3.4375,0.10,288.3036,0,1013
3.5625,0.10,298.7665,0,1013
3.4375,0.10,288.3526,0,1013
3.5000,0.10,293.5749,0,1013
3.5000,0.10,293.6072,0,1013
3.5000,0.10,293.6130,0,1013
3.5000,0.10,293.6894,0,1013
3.5000,0.10,293.5162,0,1013
3.4375,0.10,288.3353,0,1013
3.5000,0.10,293.6306,0,1013
3.5000,0.10,293.5778,0,1013
3.5000,0.10,293.5514,0,1013
3.5000,0.10,293.6629,0,1013
3.5000,0.10,293.5807,0,1013
3.4375,0.10,288.3872,0,1013
3.5000,0.10,293.6130,0,1013
3.5000,0.10,293.6659,0,1013
3.5000,0.10,293.5250,0,1013
3.5000,0.10,293.5749,0,1013
3.5000,0.10,293.6218,0,1013
3.4375,0.10,288.3469,0,1013
3.5000,0.10,293.6336,0,1013
3.5000,0.10,293.5690,0,1013
3.5000,0.10,293.6277,0,1013
3.5000,0.10,293.5807,0,1013
3.4375,0.10,288.3815,0,1013
3.5625,0.10,298.8352,0,1013
3.4375,0.10,288.2633,0,1013
3.5000,0.10,293.8246,0,1013
3.5000,0.10,293.5954,0,1013
3.5000,0.10,293.4810,0,1013
3.5000,0.10,293.7393,0,1013
3.4375,0.10,288.1941,0,1013
3.5000,0.10,293.7452,0,1013
3.5000,0.10,293.5543,0,1013
3.5000,0.10,293.4663,0,1013
3.5000,0.10,293.6600,0,1013
3.4375,0.10,288.3440,0,1013
3.5625,0.10,298.8412,0,1013
3.4375,0.10,288.3728,0,1013
3.5000,0.10,293.6130,0,1013
3.5000,0.10,293.6571,0,1013
3.5000,0.10,293.4956,0,1013
3.5000,0.10,293.6013,0,1013
3.4375,0.10,288.4738,0,1013
3.5625,0.10,298.8980,0,1013
3.4375,0.10,288.2402,0,1013
3.5625,0.10,298.8143,0,1013
3.4375,0.10,288.3555,0,1013
3.5000,0.10,293.7482,0,1013
3.5000,0.10,293.4692,0,1013
3.5000,0.10,293.6248,0,1013
3.5000,0.10,293.6072,0,1013
3.4375,0.10,288.3555,0,1013
3.5000,0.10,293.5719,0,1013
3.5000,0.10,293.7011,0,1013
3.5000,0.10,293.6483,0,1013
3.5000,0.10,293.6189,0,1013
3.5000,0.10,293.4546,0,1013
3.5000,0.10,293.7305,0,1013
3.5000,0.10,293.5191,0,1013
3.4375,0.10,288.3671,0,1013
3.5000,0.10,293.6659,0,1013
3.5000,0.10,293.6130,0,1013
3.5000,0.10,293.5367,0,1013
3.4375,0.10,288.3613,0,1013
3.5000,0.10,293.6776,0,1013
3.5625,0.10,298.7008,0,1013
3.4375,0.10,288.3584,0,1013
3.5000,0.10,293.6013,0,1013
3.5000,0.10,293.5983,0,1013
3.5000,0.10,293.6130,0,1013
3.4375,0.10,288.4824,0,1013
3.5000,0.10,293.4692,0,1013
3.5625,0.10,298.7844,0,1013
3.4375,0.10,288.3872,0,1013
3.5000,0.10,293.6101,0,1013
3.5000,0.10,293.6189,0,1013
3.4375,0.10,288.3209,0,1013
3.5625,0.10,299.0056,0,1013
3.4375,0.10,288.2863,0,1013
3.5625,0.10,298.7695,0,1013
3.4375,0.10,288.3555,0,1013
3.5000,0.10,293.6013,0,1013
3.5000,0.10,293.5983,0,1013
3.4375,0.10,288.3959,0,1013
3.5625,0.10,298.8083,0,1013
3.4375,0.10,288.3901,0,1013
3.5000,0.10,293.5749,0,1013
3.5000,0.10,293.6923,0,1013
3.5000,0.10,293.5338,0,1013
3.5000,0.10,293.6600,0,1013
3.4375,0.10,288.2690,0,1013
3.5625,0.10,298.7605,0,1013
3.4375,0.10,288.4767,0,1013
3.5000,0.10,293.5044,0,1013
3.5000,0.10,293.6894,0,1013
3.5000,0.10,293.6101,0,1013
3.5000,0.10,293.5631,0,1013
3.5000,0.10,293.7599,0,1013
3.5000,0.10,293.5484,0,1013
3.4375,0.10,288.4132,0,1013
3.5000,0.10,293.5514,0,1013
3.5000,0.10,293.6512,0,1013
3.5000,0.10,293.3930,0,1013
3.5000,0.10,293.8040,0,1013
3.5000,0.10,293.6072,0,1013
3.4375,0.10,288.1970,0,1013
3.5000,0.10,293.7570,0,1013
3.5000,0.10,293.5602,0,1013
3.5000,0.10,293.5895,0,1013
3.5000,0.10,293.5954,0,1013
3.5000,0.10,293.5250,0,1013
3.4375,0.10,288.3267,0,1013
3.5000,0.10,293.6218,0,1013
3.5000,0.10,293.5954,0,1013
3.5000,0.10,293.6160,0,1013
3.5000,0.10,293.6277,0,1013
3.5000,0.10,293.5807,0,1013
3.4375,0.10,288.3440,0,1013
3.5000,0.10,293.6248,0,1013
3.5000,0.10,293.5983,0,1013
3.5000,0.10,293.5749,0,1013
3.5000,0.10,293.7658,0,1013
3.5000,0.10,293.6013,0,1013
3.5000,0.10,293.6013,0,1013
3.4375,0.10,288.3584,0,1013
3.5000,0.10,293.5954,0,1013
3.5000,0.10,293.6072,0,1013
3.5000,0.10,293.6013,0,1013
3.5000,0.10,293.5925,0,1013
3.4375,0.10,288.3671,0,1013
3.5625,0.10,298.8113,0,1013
3.4375,0.10,288.3901,0,1013
3.5000,0.10,293.6013,0,1013
3.5000,0.10,293.5455,0,1013
3.4375,0.10,288.4103,0,1013
3.5625,0.10,298.7097,0,1013
3.5000,0.10,293.6042,0,1013
3.5000,0.10,293.5807,0,1013
3.5000,0.10,293.5690,0,1013
3.5000,0.10,293.6483,0,1013
3.5000,0.10,293.5895,0,1013
3.4375,0.10,288.3728,0,1013
3.5000,0.10,293.5807,0,1013
3.5000,0.10,293.6101,0,1013
3.5000,0.10,293.6864,0,1013
3.5000,0.10,293.5044,0,1013
3.4375,0.10,288.4536,0,1013
3.5000,0.10,293.4663,0,1013
3.5000,0.10,293.8011,0,1013
3.5000,0.10,293.5983,0,1013
3.5000,0.10,293.6013,0,1013
3.4375,0.10,288.3613,0,1013
3.5625,0.10,298.8442,0,1013
3.4375,0.10,288.0991,0,1013
3.5625,0.10,299.1044,0,1013
3.4375,0.10,288.2921,0,1013
3.5000,0.10,293.4898,0,1013
3.5000,0.10,293.7805,0,1013
3.5000,0.10,293.6189,0,1013
3.5000,0.10,293.4986,0,1013
3.4375,0.10,288.4536,0,1013
3.5625,0.10,298.7366,0,1013
3.4375,0.10,288.4651,0,1013
3.5000,0.10,293.5983,0,1013
3.5000,0.10,293.4634,0,1013
3.5000,0.10,293.7393,0,1013
3.5000,0.10,293.6042,0,1013
3.4375,0.10,288.3584,0,1013
3.5625,0.10,298.8442,0,1013
3.4375,0.10,288.3584,0,1013
3.5000,0.10,293.5015,0,1013
3.5000,0.10,293.6864,0,1013
3.5000,0.10,293.6042,0,1013
3.5000,0.10,293.4546,0,1013
3.4375,0.10,288.3238,0,1013
3.5000,0.10,293.6248,0,1013
3.5000,0.10,293.5925,0,1013
3.5000,0.10,293.6306,0,1013
3.5000,0.10,293.5778,0,1013
3.5000,0.10,293.7540,0,1013
3.4375,0.10,288.3180,0,1013
3.5000,0.10,293.5719,0,1013
3.5000,0.10,293.5396,0,1013
3.5000,0.10,293.7393,0,1013
3.5000,0.10,293.5954,0,1013
3.5000,0.10,293.4722,0,1013
3.5000,0.10,293.4692,0,1013
3.4375,0.10,288.4998,0,1013
3.5000,0.10,293.5719,0,1013
3.5000,0.10,293.6277,0,1013
3.5000,0.10,293.5954,0,1013
3.4375,0.10,288.4824,0,1013
3.5000,0.10,293.4810,0,1013
3.5000,0.10,293.6776,0,1013
3.5000,0.10,293.4956,0,1013
3.5000,0.10,293.7540,0,1013
3.5000,0.10,293.4722,0,1013
3.5000,0.10,293.6013,0,1013
3.5000,0.10,293.4751,0,1013
3.4375,0.10,288.4853,0,1013
3.5000,0.10,293.5866,0,1013
3.5000,0.10,293.6982,0,1013
3.5000,0.10,293.6512,0,1013
3.5000,0.10,293.6189,0,1013
3.4375,0.10,288.1826,0,1013
3.5625,0.10,299.0176,0,1013
3.4375,0.10,288.3411,0,1013
3.5000,0.10,293.4106,0,1013
3.5000,0.10,293.6659,0,1013
3.5000,0.10,293.5778,0,1013
3.5000,0.10,293.6189,0,1013
3.5000,0.10,293.5661,0,1013
3.5000,0.10,293.6218,0,1013
3.5000,0.10,293.5426,0,1013
3.5000,0.10,293.6013,0,1013
3.4375,0.10,288.4478,0,1013
3.5000,0.10,293.6013,0,1013
3.5000,0.10,293.5807,0,1013
3.5000,0.10,293.6101,0,1013
3.5000,0.10,293.6747,0,1013
3.4375,0.10,288.4074,0,1013
3.5000,0.10,293.4839,0,1013
3.5000,0.10,293.5983,0,1013
3.5000,0.10,293.6072,0,1013
3.5000,0.10,293.5954,0,1013
3.5000,0.10,293.6042,0,1013
3.5000,0.10,293.5983,0,1013
3.4375,0.10,288.4363,0,1013
3.5000,0.10,293.5250,0,1013
3.5000,0.10,293.5983,0,1013
3.5000,0.10,293.5983,0,1013
3.5000,0.10,293.6042,0,1013
3.5000,0.10,293.5837,0,1013
3.4375,0.10,288.4651,0,1013
3.5625,0.10,298.8920,0,1013
3.4375,0.10,288.3584,0,1013
3.5000,0.10,293.6042,0,1013
3.5000,0.10,293.5983,0,1013
3.5000,0.10,293.5983,0,1013
3.5000,0.10,293.6042,0,1013
3.4375,0.10,288.3555,0,1013
3.5000,0.10,293.6042,0,1013
3.5000,0.10,293.5631,0,1013
3.5000,0.10,293.6365,0,1013
3.5000,0.10,293.6013,0,1013
3.4375,0.10,288.3584,0,1013
3.5000,0.10,293.6042,0,1013
3.5000,0.10,293.6130,0,1013
3.5625,0.10,298.8442,0,1013
3.4375,0.10,288.3440,0,1013
3.5000,0.10,293.6160,0,1013
3.5000,0.10,293.5866,0,1013
3.5000,0.10,293.5543,0,1013
3.5000,0.10,293.6483,0,1013
3.5000,0.10,293.6013,0,1013
3.5000,0.10,293.6013,0,1013
3.4375,0.10,288.3267,0,1013
3.5000,0.10,293.5690,0,1013
3.5000,0.10,293.6571,0,1013
3.5000,0.10,293.4868,0,1013
3.5000,0.10,293.5983,0,1013
3.5000,0.10,293.5925,0,1013
3.4375,0.10,288.3699,0,1013
3.5625,0.10,298.8412,0,1013
3.4375,0.10,288.3555,0,1013
3.5000,0.10,293.5954,0,1013
3.5000,0.10,293.6013,0,1013
3.5000,0.10,293.6629,0,1013
3.5000,0.10,293.5514,0,1013
3.4375,0.10,288.3584,0,1013
3.5625,0.10,298.8382,0,1013
3.4375,0.10,288.4969,0,1013
3.5000,0.10,293.4839,0,1013
3.5000,0.10,293.7217,0,1013
3.4375,0.10,288.3584,0,1013
3.5625,0.10,298.8442,0,1013
3.4375,0.10,288.3469,0,1013
3.5000,0.10,293.6013,0,1013
3.5000,0.10,293.5983,0,1013
3.5000,0.10,293.5690,0,1013
3.5000,0.10,293.6336,0,1013
3.4375,0.10,288.3584,0,1013
3.5625,0.10,298.8442,0,1013
3.4375,0.10,288.2229,0,1013
3.5625,0.10,298.7874,0,1013
3.4375,0.10,288.3815,0,1013
3.5000,0.10,293.6453,0,1013
3.5000,0.10,293.6013,0,1013
3.5000,0.10,293.5895,0,1013
3.5000,0.10,293.6013,0,1013
3.4375,0.10,288.3844,0,1013
3.5000,0.10,293.7129,0,1013
3.5000,0.10,293.6013,0,1013
3.5000,0.10,293.6013,0,1013
3.5000,0.10,293.5954,0,1013
3.5000,0.10,293.6072,0,1013
3.5000,0.10,293.6013,0,1013
3.4375,0.10,288.3728,0,1013
3.5000,0.10,293.5983,0,1013
3.5000,0.10,293.5925,0,1013
3.5000,0.10,293.5895,0,1013
3.5000,0.10,293.6101,0,1013
3.5000,0.10,293.6013,0,1013
3.4375,0.10,288.3152,0,1013
3.5625,0.10,298.8830,0,1013
3.4375,0.10,288.3642,0,1013
3.5000,0.10,293.6042,0,1013
3.5000,0.10,293.5983,0,1013
3.4375,0.10,288.3584,0,1013
3.5625,0.10,298.8143,0,1013
3.4375,0.10,288.3872,0,1013
3.5625,0.10,298.8501,0,1013
3.4375,0.10,288.3526,0,1013
3.5000,0.10,293.6042,0,1013
3.5000,0.10,293.5983,0,1013
3.4375,0.10,288.3584,0,1013
3.5625,0.10,298.8471,0,1013
3.4375,0.10,288.3555,0,1013
3.5625,0.10,298.8471,0,1013
3.4375,0.10,288.3555,0,1013
3.5000,0.10,293.6013,0,1013
3.5000,0.10,293.6013,0,1013
3.4375,0.10,288.3584,0,1013
3.5625,0.10,298.8442,0,1013
3.4375,0.10,288.3584,0,1013
3.5625,0.10,298.8561,0,1013
3.4375,0.10,288.3469,0,1013
3.5000,0.10,293.6042,0,1013
3.5000,0.10,293.6013,0,1013
3.4375,0.10,288.3497,0,1013
3.5625,0.10,298.8531,0,1013
3.4375,0.10,288.3584,0,1013
3.5000,0.10,293.6130,0,1013
3.5000,0.10,293.5866,0,1013
3.5000,0.10,293.6042,0,1013
3.5000,0.10,293.5690,0,1013
3.4375,0.10,288.3815,0,1013
3.5000,0.10,293.6072,0,1013
3.5000,0.10,293.6013,0,1013
3.5000,0.10,293.6042,0,1013
3.5000,0.10,293.5983,0,1013
3.5000,0.10,293.6042,0,1013
3.5000,0.10,293.6042,0,1013
3.4375,0.10,288.2719,0,1013
3.5000,0.10,293.6864,0,1013
3.5000,0.10,293.5983,0,1013
3.5000,0.10,293.6042,0,1013
3.5000,0.10,293.5778,0,1013
3.5000,0.10,293.6218,0,1013
3.4375,0.10,288.3613,0,1013
3.5000,0.10,293.6160,0,1013
3.5000,0.10,293.5895,0,1013
3.5000,0.10,293.5925,0,1013
3.5000,0.10,293.6042,0,1013
3.5625,0.10,298.8471,0,1013
3.4375,0.10,288.3584,0,1013
3.5000,0.10,293.5983,0,1013
3.5000,0.10,293.6042,0,1013
3.4375,0.10,288.3584,0,1013
3.5625,0.10,298.8412,0,1013
3.4375,0.10,288.3613,0,1013
3.5000,0.10,293.4780,0,1013
3.5000,0.10,293.5925,0,1013
3.5000,0.10,293.6042,0,1013
3.5000,0.10,293.5925,0,1013
3.5000,0.10,293.6600,0,1013
3.4375,0.10,288.3094,0,1013
3.5000,0.10,293.5925,0,1013
3.5000,0.10,293.6835,0,1013
3.5000,0.10,293.5895,0,1013
3.5000,0.10,293.5308,0,1013
3.5000,0.10,293.6101,0,1013
3.5000,0.10,293.5866,0,1013
3.4375,0.10,288.3526,0,1013
3.5000,0.10,293.6248,0,1013
3.5000,0.10,293.5925,0,1013
3.5000,0.10,293.5661,0,1013
3.4375,0.10,288.3728,0,1013
3.5000,0.10,293.6218,0,1013
3.5625,0.10,298.6709,0,1013
3.4375,0.10,288.4767,0,1013
3.5000,0.10,293.6453,0,1013
3.5000,0.10,293.5778,0,1013
3.5000,0.10,293.6160,0,1013
3.5000,0.10,293.6659,0,1013
3.4375,0.10,288.2806,0,1013
3.5625,0.10,298.8651,0,1013
3.4375,0.10,288.3642,0,1013
3.5000,0.10,293.5925,0,1013
3.5000,0.10,293.6189,0,1013
3.5000,0.10,293.5895,0,1013
3.5000,0.10,293.5484,0,1013
3.4375,0.10,288.4132,0,1013
3.5625,0.10,298.8471,0,1013
3.4375,0.10,288.3325,0,1013
3.5000,0.10,293.6130,0,1013
3.5000,0.10,293.6160,0,1013
3.4375,0.10,288.3497,0,1013
3.5625,0.10,298.8173,0,1013
3.5000,0.10,293.6483,0,1013
3.5000,0.10,293.5602,0,1013
3.5000,0.10,293.6218,0,1013
3.4375,0.10,288.4969,0,1013
3.5625,0.10,298.8471,0,1013
3.4375,0.10,288.3584,0,1013
3.5000,0.10,293.5807,0,1013
3.5000,0.10,293.6218,0,1013
3.4375,0.10,288.3526,0,1013
3.5625,0.10,298.8501,0,1013
3.4375,0.10,288.3555,0,1013
3.5000,0.10,293.5426,0,1013
3.5000,0.10,293.6600,0,1013
3.5000,0.10,293.6013,0,1013
3.5000,0.10,293.4956,0,1013
3.4375,0.10,288.4651,0,1013
3.5000,0.10,293.5983,0,1013
3.5000,0.10,293.6013,0,1013
3.5000,0.10,293.6013,0,1013
3.5000,0.10,293.6042,0,1013
3.4375,0.10,288.3584,0,1013
3.5625,0.10,298.8412,0,1013
3.5000,0.10,293.6013,0,1013
3.6250,0.10,304.0901,0,1013
3.5000,0.10,293.5983,0,1013
3.5000,0.10,293.6042,0,1013
3.6250,0.10,304.0840,0,1013
3.5000,0.10,293.6013,0,1013
3.5625,0.10,298.7964,0,1013
3.5625,0.10,298.8950,0,1013
3.5000,0.10,293.6013,0,1013
3.6250,0.10,304.0931,0,1013
3.5000,0.10,293.5954,0,1013
3.5000,0.10,293.6013,0,1013
3.6250,0.10,304.0870,0,1013
3.5000,0.10,293.5367,0,1013
3.4375,0.10,288.4132,0,1013
3.5000,0.10,293.6218,0,1013
3.5000,0.10,293.5866,0,1013
3.5000,0.10,293.6042,0,1013
3.5000,0.10,293.5983,0,1013
3.5000,0.10,293.6013,0,1013
3.5000,0.10,293.6042,0,1013
3.4375,0.10,288.3497,0,1013
3.5000,0.10,293.5807,0,1013
3.5000,0.10,293.6277,0,1013
3.5000,0.10,293.5954,0,1013
3.5000,0.10,293.6101,0,1013
3.4375,0.10,288.3555,0,1013
3.5625,0.10,298.7068,0,1013
3.5000,0.10,293.6160,0,1013
3.5000,0.10,293.5514,0,1013
3.4375,0.10,288.3930,0,1013
3.5625,0.10,298.8143,0,1013
3.5000,0.10,293.6336,0,1013
3.4375,0.10,288.3238,0,1013
3.5000,0.10,293.5132,0,1013
3.5000,0.10,293.6923,0,1013
3.5000,0.10,293.6306,0,1013
3.5000,0.10,293.5749,0,1013
3.4375,0.10,288.4334,0,1013
3.5000,0.10,293.6718,0,1013
3.5000,0.10,293.4810,0,1013
3.5000,0.10,293.5983,0,1013
3.5000,0.10,293.6130,0,1013
3.4375,0.10,288.3584,0,1013
3.5625,0.10,298.8471,0,1013
3.4375,0.10,288.3584,0,1013
3.5625,0.10,298.8382,0,1013
3.4375,0.10,288.3613,0,1013
3.5000,0.10,293.6013,0,1013
3.5000,0.10,293.6013,0,1013
3.4375,0.10,288.3613,0,1013
3.5625,0.10,298.8442,0,1013
3.4375,0.10,288.3613,0,1013
3.5000,0.10,293.6453,0,1013
3.5000,0.10,293.5602,0,1013
3.5000,0.10,293.5367,0,1013
3.5000,0.10,293.6248,0,1013
3.4375,0.10,288.3526,0,1013
3.5625,0.10,298.8501,0,1013
3.4375,0.10,288.3526,0,1013
3.5000,0.10,293.7305,0,1013
3.5000,0.10,293.4868,0,1013
3.4375,0.10,288.3757,0,1013
3.5625,0.10,298.8232,0,1013
3.4375,0.10,288.3757,0,1013
3.5625,0.10,298.7097,0,1013
3.4375,0.10,288.4969,0,1013
3.5000,0.10,293.5602,0,1013
3.5000,0.10,293.6424,0,1013
3.5000,0.10,293.5866,0,1013
3.5000,0.10,293.6864,0,1013
3.5000,0.10,293.5103,0,1013
3.4375,0.10,288.4478,0,1013
3.5625,0.10,298.7396,0,1013
3.4375,0.10,288.3584,0,1013
3.5625,0.10,298.8173,0,1013
3.4375,0.10,288.3844,0,1013
3.5000,0.10,293.6953,0,1013
3.5000,0.10,293.5396,0,1013
3.4375,0.10,288.3180,0,1013
3.5625,0.10,298.8830,0,1013
3.4375,0.10,288.3642,0,1013
3.5625,0.10,298.8232,0,1013
3.4375,0.10,288.4363,0,1013
3.5000,0.10,293.5250,0,1013
3.5000,0.10,293.5807,0,1013
3.4375,0.10,288.4045,0,1013
3.5625,0.10,298.9608,0,1013
3.4375,0.10,288.3584,0,1013
3.5625,0.10,298.8442,0,1013
3.4375,0.10,288.3584,0,1013
3.5000,0.10,293.5661,0,1013
3.5000,0.10,293.6365,0,1013
3.4375,0.10,288.3584,0,1013
3.5625,0.10,298.8442,0,1013
3.4375,0.10,288.3584,0,1013
3.5000,0.10,293.6013,0,1013
3.5000,0.10,293.6013,0,1013
3.5000,0.10,293.6101,0,1013
3.5000,0.10,293.5954,0,1013
3.4375,0.10,288.3555,0,1013
3.5000,0.10,293.6013,0,1013
3.5000,0.10,293.6013,0,1013
3.5000,0.10,293.6013,0,1013
3.5000,0.10,293.6013,0,1013
3.4375,0.10,288.3613,0,1013
3.5625,0.10,298.8412,0,1013
3.4375,0.10,288.3584,0,1013
3.5000,0.10,293.6013,0,1013
3.5000,0.10,293.6042,0,1013
3.5000,0.10,293.6013,0,1013
3.5000,0.10,293.5983,0,1013
3.4375,0.10,288.3613,0,1013
3.5000,0.10,293.5983,0,1013
3.5000,0.10,293.6013,0,1013
3.5000,0.10,293.6013,0,1013
3.5000,0.10,293.6042,0,1013
3.5000,0.10,293.6013,0,1013
3.5000,0.10,293.5983,0,1013
3.4375,0.10,288.2921,0,1013
3.5000,0.10,293.6688,0,1013
3.5000,0.10,293.6013,0,1013
3.5000,0.10,293.6013,0,1013
3.5000,0.10,293.6013,0,1013
3.4375,0.10,288.3584,0,1013
3.5000,0.10,293.6042,0,1013
3.5000,0.10,293.6013,0,1013
3.5000,0.10,293.5983,0,1013
3.5000,0.10,293.6013,0,1013
3.5000,0.10,293.6013,0,1013
3.5000,0.10,293.6013,0,1013
3.5000,0.10,293.6042,0,1013
3.4375,0.10,288.3584,0,1013
3.5625,0.10,298.8322,0,1013
3.5000,0.10,293.6218,0,1013
3.5000,0.10,293.6013,0,1013
3.5000,0.10,293.5895,0,1013
3.4375,0.10,288.3584,0,1013
3.5625,0.10,298.8471,0,1013
3.4375,0.10,288.2806,0,1013
3.5000,0.10,293.6776,0,1013
3.5000,0.10,293.6160,0,1013
3.4375,0.10,288.3584,0,1013
3.5625,0.10,298.8442,0,1013
3.4375,0.10,288.3584,0,1013
3.5625,0.10,298.8442,0,1013
3.4375,0.10,288.3526,0,1013
3.5000,0.10,293.5925,0,1013
3.5000,0.10,293.6042,0,1013
3.4375,0.10,288.1797,0,1013
3.5625,0.10,299.0296,0,1013
3.4375,0.10,288.3555,0,1013
3.5000,0.10,293.5719,0,1013
3.5000,0.10,293.6336,0,1013
3.4375,0.10,288.3584,0,1013
3.5625,0.10,298.8442,0,1013
3.4375,0.10,288.3555,0,1013
3.5625,0.10,298.7814,0,1013
3.4375,0.10,288.4219,0,1013
3.5000,0.10,293.5514,0,1013
3.5000,0.10,293.4194,0,1013
3.4375,0.10,288.5229,0,1013
3.5625,0.10,298.7456,0,1013
3.4375,0.10,288.3786,0,1013
3.5000,0.10,293.6101,0,1013
3.5000,0.10,293.7011,0,1013
3.5000,0.10,293.6453,0,1013
3.5000,0.10,293.5866,0,1013
3.4375,0.10,288.3613,0,1013
3.5000,0.10,293.5631,0,1013
3.5000,0.10,293.6512,0,1013
3.5000,0.10,293.6042,0,1013
3.5000,0.10,293.5983,0,1013
3.4375,0.10,288.3584,0,1013
3.5625,0.10,298.8173,0,1013
3.4375,0.10,288.3699,0,1013
3.5000,0.10,293.6042,0,1013
3.5000,0.10,293.5983,0,1013
3.4375,0.10,288.3584,0,1013
3.5625,0.10,298.8471,0,1013
3.4375,0.10,288.3671,0,1013
3.5000,0.10,293.5895,0,1013
3.5000,0.10,293.6013,0,1013
3.5000,0.10,293.5543,0,1013
3.5000,0.10,293.6042,0,1013
3.4375,0.10,288.4017,0,1013
3.5625,0.10,298.8471,0,1013
3.4375,0.10,288.2287,0,1013
3.5625,0.10,298.8292,0,1013
3.4375,0.10,288.3411,0,1013
3.5000,0.10,293.6306,0,1013
3.5000,0.10,293.6013,0,1013
3.5000,0.10,293.5954,0,1013
3.5000,0.10,293.6864,0,1013
3.4375,0.10,288.2575,0,1013
3.5000,0.10,293.5954,0,1013
3.5000,0.10,293.7511,0,1013
3.5000,0.10,293.6130,0,1013
3.5000,0.10,293.6042,0,1013
3.4375,0.10,288.3584,0,1013
3.5000,0.10,293.5631,0,1013
3.5625,0.10,298.8770,0,1013
3.4375,0.10,288.3642,0,1013
3.5000,0.10,293.6013,0,1013
3.5000,0.10,293.5954,0,1013
3.5000,0.10,293.6072,0,1013
3.5000,0.10,293.6013,0,1013
3.4375,0.10,288.2143,0,1013
3.5625,0.10,298.8262,0,1013
3.4375,0.10,288.3815,0,1013
3.5000,0.10,293.4780,0,1013
3.5000,0.10,293.8069,0,1013
3.4375,0.10,288.3526,0,1013
3.5625,0.10,298.7486,0,1013
3.4375,0.10,288.3786,0,1013
3.5625,0.10,298.8203,0,1013
3.5000,0.10,293.6130,0,1013
3.5000,0.10,293.5954,0,1013
3.4375,0.10,288.3786,0,1013
3.5000,0.10,293.6072,0,1013
3.5000,0.10,293.5543,0,1013
3.5000,0.10,293.5983,0,1013
3.5000,0.10,293.6424,0,1013
3.5000,0.10,293.6042,0,1013
3.4375,0.10,288.3469,0,1013
3.5000,0.10,293.6013,0,1013
3.5000,0.10,293.7452,0,1013
3.5000,0.10,293.6013,0,1013
3.5000,0.10,293.6013,0,1013
3.4375,0.10,288.3526,0,1013
3.5625,0.10,298.8501,0,1013
3.4375,0.10,288.3613,0,1013
3.5625,0.10,298.8412,0,1013
3.5000,0.10,293.6013,0,1013
3.5000,0.10,293.5983,0,1013
3.5000,0.10,293.6013,0,1013
3.4375,0.10,288.3613,0,1013
3.5000,0.10,293.5983,0,1013
3.5000,0.10,293.6042,0,1013
3.5000,0.10,293.6042,0,1013
3.5000,0.10,293.6013,0,1013
3.4375,0.10,288.3699,0,1013
3.5625,0.10,298.8442,0,1013
3.4375,0.10,288.3584,0,1013
3.5000,0.10,293.6013,0,1013
3.5000,0.10,293.6013,0,1013
3.5000,0.10,293.5690,0,1013
3.5000,0.10,293.6336,0,1013
3.4375,0.10,288.3296,0,1013
3.5625,0.10,298.7306,0,1013
3.4375,0.10,288.3613,0,1013
3.5625,0.10,298.8412,0,1013
3.4375,0.10,288.3584,0,1013
3.5000,0.10,293.5925,0,1013
3.5000,0.10,293.6571,0,1013
3.5000,0.10,293.5484,0,1013
3.5000,0.10,293.5719,0,1013
3.4375,0.10,288.5257,0,1013
3.5000,0.10,293.5954,0,1013
3.5000,0.10,293.4751,0,1013
3.5000,0.10,293.5690,0,1013
3.5000,0.10,293.6688,0,1013
3.5000,0.10,293.4634,0,1013
3.5000,0.10,293.6101,0,1013
3.4375,0.10,288.4132,0,1013
3.5000,0.10,293.6336,0,1013
3.5000,0.10,293.4839,0,1013
3.5000,0.10,293.6571,0,1013
3.5000,0.10,293.6189,0,1013
3.4375,0.10,288.3526,0,1013
3.5000,0.10,293.6923,0,1013
3.5000,0.10,293.5338,0,1013
3.5000,0.10,293.6277,0,1013
3.5000,0.10,293.5602,0,1013
3.5000,0.10,293.6248,0,1013
3.4375,0.10,288.3411,0,1013
3.5000,0.10,293.5749,0,1013
3.5000,0.10,293.6218,0,1013
3.5000,0.10,293.6512,0,1013
3.5000,0.10,293.5837,0,1013
3.5000,0.10,293.5749,0,1013
3.5000,0.10,293.6365,0,1013
3.4375,0.10,288.3267,0,1013
3.5000,0.10,293.7011,0,1013
3.5000,0.10,293.4986,0,1013
3.5000,0.10,293.6072,0,1013
3.5000,0.10,293.7540,0,1013
3.4375,0.10,288.3526,0,1013
3.5625,0.10,298.8501,0,1013
3.4375,0.10,288.3613,0,1013
3.5000,0.10,293.5074,0,1013
3.5000,0.10,293.6365,0,1013
3.5000,0.10,293.4956,0,1013
3.5000,0.10,293.6042,0,1013
3.4375,0.10,288.3959,0,1013
3.5625,0.10,298.8322,0,1013
3.4375,0.10,288.3382,0,1013
3.5000,0.10,293.7041,0,1013
3.5000,0.10,293.4927,0,1013
3.4375,0.10,288.3613,0,1013
3.5625,0.10,298.8830,0,1013
3.4375,0.10,288.2662,0,1013
3.5625,0.10,298.8920,0,1013
3.4375,0.10,288.3728,0,1013
3.5000,0.10,293.6953,0,1013
3.5000,0.10,293.6072,0,1013
3.4375,0.10,288.2028,0,1013
3.5625,0.10,299.0595,0,1013
3.4375,0.10,288.3613,0,1013
3.5625,0.10,298.8442,0,1013
3.4375,0.10,288.3584,0,1013
3.5000,0.10,293.6013,0,1013
3.5000,0.10,293.6013,0,1013
3.4375,0.10,288.3613,0,1013
3.5625,0.10,298.8412,0,1013
3.4375,0.10,288.3584,0,1013
3.5000,0.10,293.4047,0,1013
3.5000,0.10,293.7922,0,1013
3.5000,0.10,293.5983,0,1013
3.5000,0.10,293.5220,0,1013
3.5000,0.10,293.4194,0,1013
3.5000,0.10,293.7070,0,1013
3.4375,0.10,288.3353,0,1013
3.5000,0.10,293.6483,0,1013
3.5000,0.10,293.5807,0,1013
3.5000,0.10,293.6248,0,1013
3.5000,0.10,293.6101,0,1013
3.5000,0.10,293.5954,0,1013
3.4375,0.10,288.3353,0,1013
3.5000,0.10,293.5308,0,1013
3.5000,0.10,293.6629,0,1013
3.5000,0.10,293.6453,0,1013
3.5000,0.10,293.5690,0,1013
3.5000,0.10,293.5778,0,1013
3.5000,0.10,293.6218,0,1013
3.4375,0.10,288.5200,0,1013
3.5625,0.10,298.8382,0,1013
3.4375,0.10,288.3613,0,1013
3.5000,0.10,293.5954,0,1013
3.5000,0.10,293.6072,0,1013
3.4375,0.10,288.3180,0,1013
3.5625,0.10,298.8980,0,1013
3.4375,0.10,288.3584,0,1013
3.5625,0.10,298.8442,0,1013
3.4375,0.10,288.3584,0,1013
3.5000,0.10,293.6013,0,1013
3.5000,0.10,293.5866,0,1013
3.4375,0.10,288.3584,0,1013
3.5625,0.10,298.8471,0,1013
3.4375,0.10,288.3584,0,1013
3.5000,0.10,293.6130,0,1013
3.5000,0.10,293.5895,0,1013
3.4375,0.10,288.3584,0,1013
3.5625,0.10,298.8561,0,1013
3.4375,0.10,288.3440,0,1013
3.5625,0.10,298.8471,0,1013
3.4375,0.10,288.3555,0,1013
3.5000,0.10,293.6042,0,1013
3.5000,0.10,293.6013,0,1013
3.4375,0.10,288.3555,0,1013
3.5625,0.10,298.8471,0,1013
3.4375,0.10,288.3555,0,1013
3.5625,0.10,298.8471,0,1013
3.4375,0.10,288.3555,0,1013
3.5000,0.10,293.5983,0,1013
3.5000,0.10,293.6042,0,1013
3.4375,0.10,288.3584,0,1013
3.5625,0.10,298.8442,0,1013
3.4375,0.10,288.3584,0,1013
3.5000,0.10,293.5895,0,1013
3.5000,0.10,293.6160,0,1013
3.4375,0.10,288.3699,0,1013
3.5625,0.10,298.8292,0,1013
3.4375,0.10,288.3584,0,1013
3.5625,0.10,298.5933,0,1013
3.4375,0.10,288.4420,0,1013
3.5000,0.10,293.6424,0,1013
3.5000,0.10,293.7217,0,1013
3.4375,0.10,288.3584,0,1013
3.5625,0.10,298.8471,0,1013
3.4375,0.10,288.3555,0,1013
3.5000,0.10,293.6042,0,1013
3.5000,0.10,293.5983,0,1013
3.5000,0.10,293.5514,0,1013
3.5000,0.10,293.6541,0,1013
3.4375,0.10,288.3267,0,1013
3.5000,0.10,293.6365,0,1013
3.5000,0.10,293.5983,0,1013
3.5000,0.10,293.3431,0,1013
3.5000,0.10,293.6864,0,1013
3.5000,0.10,293.6424,0,1013
3.5000,0.10,293.5631,0,1013
3.4375,0.10,288.3844,0,1013
3.5000,0.10,293.7452,0,1013
3.5000,0.10,293.6013,0,1013
3.5000,0.10,293.6013,0,1013
3.5000,0.10,293.6013,0,1013
3.5000,0.10,293.6013,0,1013
3.4375,0.10,288.3555,0,1013
3.5000,0.10,293.4546,0,1013
3.5000,0.10,293.7511,0,1013
3.5000,0.10,293.6013,0,1013
3.5000,0.10,293.6013,0,1013
3.5000,0.10,293.6013,0,1013
3.4375,0.10,288.3699,0,1013
3.5000,0.10,293.5895,0,1013
3.5625,0.10,298.8561,0,1013
3.4375,0.10,288.3584,0,1013
3.5000,0.10,293.5719,0,1013
3.5000,0.10,293.6130,0,1013
3.4375,0.10,288.3642,0,1013
3.5625,0.10,298.8442,0,1013
3.4375,0.10,288.2287,0,1013
3.5625,0.10,298.8412,0,1013
3.4375,0.10,288.4247,0,1013
3.5000,0.10,293.4839,0,1013
3.5000,0.10,293.6248,0,1013
3.4375,0.10,288.3613,0,1013
3.5625,0.10,298.8382,0,1013
3.4375,0.10,288.3642,0,1013
3.5625,0.10,298.7097,0,1013
3.4375,0.10,288.4824,0,1013
3.5000,0.10,293.5749,0,1013
3.5000,0.10,293.6512,0,1013
3.4375,0.10,288.3325,0,1013
3.5625,0.10,298.9458,0,1013
3.4375,0.10,288.2489,0,1013
3.5000,0.10,293.5983,0,1013
3.5000,0.10,293.6512,0,1013
3.5000,0.10,293.5954,0,1013
3.5000,0.10,293.5749,0,1013
3.5000,0.10,293.6248,0,1013
3.5000,0.10,293.6629,0,1013
3.5000,0.10,293.5983,0,1013
3.4375,0.10,288.3411,0,1013
3.5000,0.10,293.5778,0,1013
3.5000,0.10,293.7217,0,1013
3.5000,0.10,293.5954,0,1013
3.5000,0.10,293.6072,0,1013
3.5000,0.10,293.6101,0,1013
3.5000,0.10,293.5661,0,1013
3.4375,0.10,288.3988,0,1013
3.5625,0.10,298.8442,0,1013
3.4375,0.10,288.3584,0,1013
3.5000,0.10,293.6013,0,1013
3.5000,0.10,293.6013,0,1013
3.4375,0.10,288.3584,0,1013
3.5625,0.10,298.8292,0,1013
3.4375,0.10,288.3642,0,1013
3.5625,0.10,298.8412,0,1013
3.4375,0.10,288.3584,0,1013
3.5000,0.10,293.6013,0,1013
3.5000,0.10,293.5983,0,1013
3.5000,0.10,293.6013,0,1013
3.5000,0.10,293.6013,0,1013
3.4375,0.10,288.3382,0,1013
3.5000,0.10,293.6218,0,1013
3.5000,0.10,293.6013,0,1013
3.5000,0.10,293.6042,0,1013
3.5000,0.10,293.5983,0,1013
3.5000,0.10,293.6042,0,1013
3.5000,0.10,293.5983,0,1013
3.4375,0.10,288.3584,0,1013
3.5000,0.10,293.6013,0,1013
3.5000,0.10,293.6013,0,1013
3.5000,0.10,293.6013,0,1013
3.5000,0.10,293.6013,0,1013
3.5000,0.10,293.5749,0,1013
3.4375,0.10,288.3844,0,1013
3.5000,0.10,293.6042,0,1013
3.5000,0.10,293.6013,0,1013
3.5000,0.10,293.6013,0,1013
3.5000,0.10,293.5983,0,1013
3.5000,0.10,293.6013,0,1013
3.5000,0.10,293.5396,0,1013
3.4375,0.10,288.4190,0,1013
3.5000,0.10,293.6013,0,1013
3.5000,0.10,293.6013,0,1013
3.5000,0.10,293.6042,0,1013
3.5000,0.10,293.5572,0,1013
3.4375,0.10,288.4017,0,1013
3.5625,0.10,298.8442,0,1013
3.4375,0.10,288.3584,0,1013
3.5000,0.10,293.5661,0,1013
3.5000,0.10,293.6365,0,1013
3.5000,0.10,293.3959,0,1013
3.5000,0.10,293.6483,0,1013
3.4375,0.10,288.3584,0,1013
3.5000,0.10,293.7305,0,1013
3.5000,0.10,293.4634,0,1013
3.5000,0.10,293.5983,0,1013
3.5000,0.10,293.5514,0,1013
3.4375,0.10,288.4219,0,1013
3.5625,0.10,298.8322,0,1013
3.4375,0.10,288.3526,0,1013
3.5000,0.10,293.6218,0,1013
3.5000,0.10,293.5866,0,1013
3.5000,0.10,293.6013,0,1013
3.5000,0.10,293.6336,0,1013
3.4375,0.10,288.3238,0,1013
3.5625,0.10,298.8830,0,1013
3.4375,0.10,288.3497,0,1013
3.5000,0.10,293.6835,0,1013
3.5000,0.10,293.5631,0,1013
3.5000,0.10,293.4722,0,1013
3.5000,0.10,293.8216,0,1013
3.4375,0.10,288.3613,0,1013
3.5625,0.10,298.8442,0,1013
3.4375,0.10,288.3584,0,1013
3.5000,0.10,293.6013,0,1013
3.5000,0.10,293.6013,0,1013
3.5000,0.10,293.6042,0,1013
3.5000,0.10,293.5983,0,1013
3.4375,0.10,288.3613,0,1013
3.5000,0.10,293.4780,0,1013
3.5000,0.10,293.5983,0,1013
3.5000,0.10,293.6013,0,1013
3.5000,0.10,293.4986,0,1013
3.5000,0.10,293.6894,0,1013
3.5000,0.10,293.6042,0,1013
3.4375,0.10,288.3497,0,1013
3.5000,0.10,293.6130,0,1013
3.5000,0.10,293.6101,0,1013
3.5000,0.10,293.5690,0,1013
3.5000,0.10,293.5925,0,1013
3.5000,0.10,293.5954,0,1013
3.4375,0.10,288.3642,0,1013
3.5000,0.10,293.6336,0,1013
3.5000,0.10,293.5602,0,1013
3.5000,0.10,293.6130,0,1013
3.5000,0.10,293.5983,0,1013
3.5000,0.10,293.6160,0,1013
3.5000,0.10,293.6189,0,1013
3.5000,0.10,293.5866,0,1013
3.5000,0.10,293.5866,0,1013
3.4375,0.10,288.3844,0,1013
3.5625,0.10,298.8083,0,1013
3.4375,0.10,288.3930,0,1013
3.5000,0.10,293.5983,0,1013
3.5000,0.10,293.5719,0,1013
3.5000,0.10,293.6365,0,1013
3.5000,0.10,293.6042,0,1013
3.4375,0.10,288.3267,0,1013
3.5000,0.10,293.6072,0,1013
3.5000,0.10,293.5749,0,1013
3.5000,0.10,293.6424,0,1013
3.5000,0.10,293.5749,0,1013
3.4375,0.10,288.5171,0,1013
3.5625,0.10,298.8531,0,1013
3.4375,0.10,288.3555,0,1013
3.5000,0.10,293.6072,0,1013
3.5000,0.10,293.5954,0,1013
3.5000,0.10,293.5983,0,1013
3.5000,0.10,293.3519,0,1013
3.4375,0.10,288.4853,0,1013
3.5000,0.10,293.7305,0,1013
3.5000,0.10,293.5954,0,1013
3.5000,0.10,293.6042,0,1013
3.5000,0.10,293.6013,0,1013
3.5000,0.10,293.5396,0,1013
3.5000,0.10,293.6189,0,1013
3.4375,0.10,288.4017,0,1013
3.5000,0.10,293.6013,0,1013
3.5000,0.10,293.6013,0,1013
3.5000,0.10,293.5631,0,1013
3.5000,0.10,293.6395,0,1013
3.5000,0.10,293.5749,0,1013
3.4375,0.10,288.3844,0,1013
3.5000,0.10,293.5983,0,1013
3.5000,0.10,293.3549,0,1013
3.5000,0.10,293.6894,0,1013
3.5000,0.10,293.6248,0,1013
3.5000,0.10,293.6130,0,1013
3.4375,0.10,288.3238,0,1013
3.5000,0.10,293.5837,0,1013
3.5000,0.10,293.6189,0,1013
3.4375,0.10,288.3613,0,1013
3.5625,0.10,298.8591,0,1013
3.4375,0.10,288.3411,0,1013
3.5000,0.10,293.5866,0,1013
3.5000,0.10,293.6395,0,1013
3.4375,0.10,288.3209,0,1013
3.5625,0.10,299.0236,0,1013
3.4375,0.10,288.3497,0,1013
3.5000,0.10,293.6248,0,1013
3.5000,0.10,293.5866,0,1013
3.5000,0.10,293.5543,0,1013
3.5000,0.10,293.6483,0,1013
3.4375,0.10,288.3267,0,1013
3.5625,0.10,298.8830,0,1013
3.4375,0.10,288.3497,0,1013
3.5000,0.10,293.6013,0,1013
3.5000,0.10,293.6013,0,1013
3.5000,0.10,293.5983,0,1013
3.5000,0.10,293.6042,0,1013
3.4375,0.10,288.3584,0,1013
3.5000,0.10,293.4223,0,1013
3.5000,0.10,293.7805,0,1013
3.5000,0.10,293.6042,0,1013
3.5000,0.10,293.5983,0,1013
3.4375,0.10,288.3584,0,1013
3.5625,0.10,298.8023,0,1013
3.4375,0.10,288.3988,0,1013
3.5000,0.10,293.6013,0,1013
3.5000,0.10,293.6160,0,1013
3.5000,0.10,293.6013,0,1013
3.5000,0.10,293.5866,0,1013
3.4375,0.10,288.3613,0,1013
3.5000,0.10,293.5396,0,1013
3.5000,0.10,293.6600,0,1013
3.5000,0.10,293.6072,0,1013
3.5000,0.10,293.5954,0,1013
3.4375,0.10,288.3584,0,1013
3.5625,0.10,298.8442,0,1013
3.4375,0.10,288.3584,0,1013
3.5000,0.10,293.6013,0,1013
3.5000,0.10,293.6013,0,1013
3.5000,0.10,293.5895,0,1013
3.5000,0.10,293.6130,0,1013
3.4375,0.10,288.3526,0,1013
3.5000,0.10,293.6072,0,1013
3.5000,0.10,293.6013,0,1013
3.5000,0.10,293.6013,0,1013
3.5000,0.10,293.6013,0,1013
3.5000,0.10,293.5661,0,1013
3.5000,0.10,293.6365,0,1013
3.4375,0.10,288.3584,0,1013
3.5000,0.10,293.6013,0,1013
3.5000,0.10,293.4663,0,1013
3.5000,0.10,293.6306,0,1013
3.5000,0.10,293.5514,0,1013
3.5000,0.10,293.6659,0,1013
3.4375,0.10,288.3238,0,1013
3.5625,0.10,298.8412,0,1013
3.4375,0.10,288.3642,0,1013
3.5625,0.10,298.8382,0,1013
3.4375,0.10,288.4940,0,1013
3.5000,0.10,293.6042,0,1013
3.5000,0.10,293.6042,0,1013
3.4375,0.10,288.3382,0,1013
3.5625,0.10,298.8501,0,1013
3.4375,0.10,288.3699,0,1013
3.5000,0.10,293.5572,0,1013
3.5000,0.10,293.6453,0,1013
3.4375,0.10,288.3584,0,1013
3.5625,0.10,298.8471,0,1013
3.4375,0.10,288.3555,0,1013
3.5625,0.10,298.8442,0,1013
3.4375,0.10,288.3469,0,1013
3.5000,0.10,293.6013,0,1013
3.5000,0.10,293.6042,0,1013
3.4375,0.10,288.3555,0,1013
3.5625,0.10,298.8471,0,1013
3.4375,0.10,288.3555,0,1013
3.5000,0.10,293.6101,0,1013
3.5000,0.10,293.5925,0,1013
3.5000,0.10,293.6130,0,1013
3.5000,0.10,293.5866,0,1013
3.4375,0.10,288.3613,0,1013
3.5625,0.10,298.8442,0,1013
3.4375,0.10,288.3584,0,1013
3.5000,0.10,293.6013,0,1013
3.5000,0.10,293.6072,0,1013
3.5000,0.10,293.5954,0,1013
3.5000,0.10,293.6013,0,1013
3.4375,0.10,288.3296,0,1013
3.5625,0.10,298.7366,0,1013
3.4375,0.10,288.3584,0,1013
3.5000,0.10,293.6747,0,1013
3.5000,0.10,293.6483,0,1013
3.5000,0.10,293.6189,0,1013
3.5000,0.10,293.6013,0,1013
3.4375,0.10,288.3296,0,1013
3.5000,0.10,293.5925,0,1013
3.5000,0.10,293.6336,0,1013
3.5000,0.10,293.6042,0,1013
3.5000,0.10,293.6013,0,1013
3.5000,0.10,293.6101,0,1013
3.4375,0.10,288.3497,0,1013
3.5000,0.10,293.6013,0,1013
3.5000,0.10,293.6042,0,1013
3.5000,0.10,293.6013,0,1013
3.5000,0.10,293.5719,0,1013
3.5000,0.10,293.6277,0,1013
3.5000,0.10,293.6042,0,1013
3.4375,0.10,288.3526,0,1013
3.5000,0.10,293.6042,0,1013
3.5000,0.10,293.6072,0,1013
3.5000,0.10,293.5954,0,1013
3.5000,0.10,293.6013,0,1013
3.4375,0.10,288.3584,0,1013
3.5000,0.10,293.6160,0,1013
3.5000,0.10,293.5895,0,1013
3.5000,0.10,293.5954,0,1013
3.5000,0.10,293.6042,0,1013
3.5000,0.10,293.6013,0,1013
3.5000,0.10,293.6042,0,1013
3.4375,0.10,288.3613,0,1013
3.5000,0.10,293.5749,0,1013
3.5000,0.10,293.6248,0,1013
3.5000,0.10,293.4575,0,1013
3.5000,0.10,293.6747,0,1013
3.4375,0.10,288.3699,0,1013
3.5625,0.10,298.7934,0,1013
3.4375,0.10,288.2950,0,1013
3.5000,0.10,293.4986,0,1013
3.5000,0.10,293.8452,0,1013
3.5000,0.10,293.6336,0,1013
3.5000,0.10,293.5983,0,1013
3.4375,0.10,288.3238,0,1013
3.5625,0.10,298.8830,0,1013
3.4375,0.10,288.3584,0,1013
3.5000,0.10,293.6013,0,1013
3.5000,0.10,293.6013,0,1013
3.5000,0.10,293.6042,0,1013
3.5000,0.10,293.6013,0,1013
3.4375,0.10,288.3411,0,1013
3.5625,0.10,298.8591,0,1013
3.4375,0.10,288.3728,0,1013
3.5000,0.10,293.5866,0,1013
3.5000,0.10,293.5983,0,1013
3.5000,0.10,293.6042,0,1013
3.5000,0.10,293.6013,0,1013
3.4375,0.10,288.2979,0,1013
3.5625,0.10,298.9069,0,1013
3.4375,0.10,288.3584,0,1013
3.5000,0.10,293.5983,0,1013
3.5000,0.10,293.6042,0,1013
3.5000,0.10,293.5954,0,1013
3.5000,0.10,293.6072,0,1013
3.4375,0.10,288.3671,0,1013
3.5000,0.10,293.5925,0,1013
3.5625,0.10,298.8442,0,1013
3.4375,0.10,288.3440,0,1013
3.5625,0.10,298.6441,0,1013
3.4375,0.10,288.5719,0,1013
3.5000,0.10,293.5837,0,1013
3.5000,0.10,293.5572,0,1013
3.5000,0.10,293.6512,0,1013
3.5000,0.10,293.5396,0,1013
3.5000,0.10,293.4663,0,1013
3.5000,0.10,293.7335,0,1013
3.5000,0.10,293.6776,0,1013
3.4375,0.10,288.3440,0,1013
3.5000,0.10,293.5954,0,1013
3.5000,0.10,293.5250,0,1013
3.5000,0.10,293.6806,0,1013
3.5000,0.10,293.5191,0,1013
3.4375,0.10,288.2863,0,1013
3.5625,0.10,299.0056,0,1013
3.4375,0.10,288.3613,0,1013
3.5000,0.10,293.6042,0,1013
3.5000,0.10,293.5514,0,1013
3.5000,0.10,293.5866,0,1013
3.5000,0.10,293.6571,0,1013
3.4375,0.10,288.3613,0,1013
3.5625,0.10,298.7575,0,1013
3.4375,0.10,288.3411,0,1013
3.5625,0.10,298.9578,0,1013
3.4375,0.10,288.2201,0,1013
3.5000,0.10,293.6806,0,1013
3.5000,0.10,293.5338,0,1013
3.5000,0.10,293.7276,0,1013
3.5000,0.10,293.6042,0,1013
3.5000,0.10,293.6013,0,1013
3.4375,0.10,288.3526,0,1013
3.5625,0.10,298.8173,0,1013
3.4375,0.10,288.3872,0,1013
3.5625,0.10,298.8442,0,1013
3.4375,0.10,288.3555,0,1013
3.5000,0.10,293.5983,0,1013
3.5000,0.10,293.6072,0,1013
3.4375,0.10,288.3699,0,1013
3.5625,0.10,298.8322,0,1013
3.4375,0.10,288.3584,0,1013
3.5000,0.10,293.6189,0,1013
3.5000,0.10,293.5837,0,1013
3.5000,0.10,293.5895,0,1013
3.5000,0.10,293.6130,0,1013
3.4375,0.10,288.3584,0,1013
3.5625,0.10,298.8442,0,1013
3.4375,0.10,288.3296,0,1013
3.5000,0.10,293.6336,0,1013
3.5000,0.10,293.5983,0,1013
3.5000,0.10,293.6013,0,1013
3.5000,0.10,293.6013,0,1013
3.4375,0.10,288.3699,0,1013
3.5625,0.10,298.8322,0,1013
3.4375,0.10,288.3584,0,1013
3.5000,0.10,293.3607,0,1013
3.5000,0.10,293.8334,0,1013
3.5000,0.10,293.6189,0,1013
3.5000,0.10,293.5250,0,1013
3.5000,0.10,293.6747,0,1013
3.4375,0.10,288.3469,0,1013
3.5000,0.10,293.5954,0,1013
3.5000,0.10,293.6072,0,1013
3.5000,0.10,293.6013,0,1013
3.4375,0.10,288.1682,0,1013
3.5625,0.10,299.0415,0,1013
3.4375,0.10,288.3584,0,1013
3.5000,0.10,293.5983,0,1013
3.5000,0.10,293.6101,0,1013
3.5000,0.10,293.5925,0,1013
3.5000,0.10,293.6072,0,1013
3.4375,0.10,288.3555,0,1013
3.5000,0.10,293.6013,0,1013
3.5000,0.10,293.5514,0,1013
3.5000,0.10,293.5044,0,1013
3.5000,0.10,293.6218,0,1013
3.5000,0.10,293.5543,0,1013
3.5000,0.10,293.6218,0,1013
3.4375,0.10,288.3757,0,1013
3.5000,0.10,293.5690,0,1013
3.5000,0.10,293.6160,0,1013
3.5000,0.10,293.6101,0,1013
3.5000,0.10,293.5925,0,1013
3.5000,0.10,293.5895,0,1013
3.4375,0.10,288.3555,0,1013
3.5000,0.10,293.6072,0,1013
3.5000,0.10,293.6365,0,1013
3.5000,0.10,293.5661,0,1013
3.5000,0.10,293.6042,0,1013
3.5000,0.10,293.6101,0,1013
3.5000,0.10,293.5866,0,1013
3.4375,0.10,288.3613,0,1013
3.5000,0.10,293.6130,0,1013
3.5000,0.10,293.5925,0,1013
3.5000,0.10,293.5220,0,1013
3.5000,0.10,293.7041,0,1013
3.4375,0.10,288.3382,0,1013
3.5625,0.10,298.7515,0,1013
3.5000,0.10,293.7217,0,1013
3.5000,0.10,293.5719,0,1013
3.4375,0.10,288.3411,0,1013
3.5000,0.10,293.7246,0,1013
3.5000,0.10,293.5338,0,1013
3.5000,0.10,293.5602,0,1013
3.5000,0.10,293.6101,0,1013
3.5000,0.10,293.6189,0,1013
3.5000,0.10,293.5749,0,1013
3.5000,0.10,293.7717,0,1013
3.4375,0.10,288.3642,0,1013
3.5000,0.10,293.6042,0,1013
3.5000,0.10,293.4575,0,1013
3.5000,0.10,293.6072,0,1013
3.5000,0.10,293.5602,0,1013
3.4375,0.10,288.3930,0,1013
3.5625,0.10,298.7964,0,1013
3.4375,0.10,288.4651,0,1013
3.5625,0.10,298.7635,0,1013
3.4375,0.10,288.3497,0,1013
3.5000,0.10,293.6042,0,1013
3.5000,0.10,293.5954,0,1013
3.4375,0.10,288.3872,0,1013
3.5625,0.10,298.8322,0,1013
3.4375,0.10,288.4132,0,1013
3.5000,0.10,293.5426,0,1013
3.5000,0.10,293.5954,0,1013
3.5000,0.10,293.6189,0,1013
3.5000,0.10,293.7335,0,1013
3.4375,0.10,288.3613,0,1013
3.5625,0.10,298.8412,0,1013
3.4375,0.10,288.3584,0,1013
3.5000,0.10,293.5866,0,1013
3.5000,0.10,293.6189,0,1013
3.4375,0.10,288.3555,0,1013
3.5625,0.10,298.8471,0,1013
3.4375,0.10,288.3555,0,1013
3.5625,0.10,298.8412,0,1013
3.4375,0.10,288.3613,0,1013
3.5000,0.10,293.6042,0,1013
3.5000,0.10,293.5983,0,1013
3.4375,0.10,288.3555,0,1013
3.5625,0.10,298.8501,0,1013
3.4375,0.10,288.3584,0,1013
3.5000,0.10,293.6042,0,1013
3.5000,0.10,293.5983,0,1013
3.5000,0.10,293.6013,0,1013
3.5000,0.10,293.5983,0,1013
3.4375,0.10,288.3642,0,1013
3.5625,0.10,298.8083,0,1013
3.4375,0.10,288.3872,0,1013
3.5000,0.10,293.6042,0,1013
3.5000,0.10,293.6013,0,1013
3.5000,0.10,293.5983,0,1013
3.5000,0.10,293.6013,0,1013
3.5000,0.10,293.6160,0,1013
3.4375,0.10,288.3440,0,1013
3.5000,0.10,293.5983,0,1013
3.5000,0.10,293.6042,0,1013
3.5000,0.10,293.5543,0,1013
3.5000,0.10,293.6483,0,1013
3.4375,0.10,288.3584,0,1013
3.5625,0.10,298.8113,0,1013
3.4375,0.10,288.3901,0,1013
3.5625,0.10,298.8501,0,1013
3.4375,0.10,288.3094,0,1013
3.5000,0.10,293.6453,0,1013
3.5000,0.10,293.6042,0,1013
3.4375,0.10,288.3584,0,1013
3.5625,0.10,298.8442,0,1013
3.4375,0.10,288.3526,0,1013
3.5625,0.10,298.6709,0,1013
3.4375,0.10,288.4420,0,1013
3.4375,0.10,288.2690,0,1013
3.5625,0.10,298.9398,0,1013
3.4375,0.10,288.3094,0,1013
3.5000,0.10,293.7276,0,1013
3.5000,0.10,293.6042,0,1013
3.5000,0.10,293.5983,0,1013
3.5000,0.10,293.6013,0,1013
3.4375,0.10,288.2085,0,1013
3.5625,0.10,298.9966,0,1013
3.4375,0.10,288.3613,0,1013
3.5625,0.10,298.8412,0,1013
3.4375,0.10,288.3036,0,1013
3.5000,0.10,293.5338,0,1013
3.5000,0.10,293.7305,0,1013
3.5000,0.10,293.4692,0,1013
3.5000,0.10,293.5954,0,1013
3.4375,0.10,288.3238,0,1013
3.5000,0.10,293.6336,0,1013
3.5000,0.10,293.6160,0,1013
3.5000,0.10,293.5396,0,1013
3.5000,0.10,293.6277,0,1013
3.5000,0.10,293.6277,0,1013
3.5000,0.10,293.5866,0,1013
3.4375,0.10,288.3901,0,1013
3.5000,0.10,293.7246,0,1013
3.5000,0.10,293.6013,0,1013
3.5000,0.10,293.6013,0,1013
3.5000,0.10,293.5925,0,1013
3.5000,0.10,293.6072,0,1013
3.4375,0.10,288.3613,0,1013
3.5625,0.10,298.8113,0,1013
3.4375,0.10,288.3901,0,1013
3.5625,0.10,298.8561,0,1013
3.4375,0.10,288.3469,0,1013
3.5000,0.10,293.6072,0,1013
3.5000,0.10,293.5954,0,1013
3.4375,0.10,288.3699,0,1013
3.5625,0.10,298.8203,0,1013
3.4375,0.10,288.3844,0,1013
3.5625,0.10,298.8442,0,1013
3.4375,0.10,288.3584,0,1013
3.5000,0.10,293.5895,0,1013
3.5000,0.10,293.6013,0,1013
3.4375,0.10,288.3555,0,1013
3.5625,0.10,298.5963,0,1013
3.4375,0.10,288.4420,0,1013
3.5000,0.10,293.6013,0,1013
3.5000,0.10,293.5895,0,1013
3.5000,0.10,293.5925,0,1013
3.5000,0.10,293.6160,0,1013
3.4375,0.10,288.3642,0,1013
3.5625,0.10,298.8442,0,1013
3.4375,0.10,288.3728,0,1013
3.5000,0.10,293.6101,0,1013
3.5000,0.10,293.6042,0,1013
3.4375,0.10,288.4276,0,1013
3.5625,0.10,298.8531,0,1013
3.4375,0.10,288.3526,0,1013
3.5000,0.10,293.5132,0,1013
3.5000,0.10,293.5925,0,1013
3.5000,0.10,293.6101,0,1013
3.5000,0.10,293.6160,0,1013
3.5000,0.10,293.5954,0,1013
3.5000,0.10,293.5807,0,1013
3.4375,0.10,288.3930,0,1013
3.5000,0.10,293.5455,0,1013
3.5000,0.10,293.6424,0,1013
3.5000,0.10,293.5719,0,1013
3.5000,0.10,293.6130,0,1013
3.5000,0.10,293.5983,0,1013
3.4375,0.10,288.3786,0,1013
3.5000,0.10,293.5132,0,1013
3.5000,0.10,293.8275,0,1013
3.5000,0.10,293.6042,0,1013
3.5000,0.10,293.5983,0,1013
3.5000,0.10,293.6013,0,1013
3.5000,0.10,293.5690,0,1013
3.4375,0.10,288.3872,0,1013
3.5625,0.10,298.8501,0,1013
3.4375,0.10,288.3555,0,1013
3.5000,0.10,293.6013,0,1013
3.5000,0.10,293.6013,0,1013
3.4375,0.10,288.3584,0,1013
3.5625,0.10,298.8591,0,1013
3.4375,0.10,288.3440,0,1013
3.5625,0.10,298.8322,0,1013
3.4375,0.10,288.3699,0,1013
3.5000,0.10,293.6042,0,1013
3.5000,0.10,293.6042,0,1013
3.4375,0.10,288.3526,0,1013
3.5625,0.10,298.8442,0,1013
3.4375,0.10,288.3584,0,1013
3.5625,0.10,298.7097,0,1013
3.4375,0.10,288.3613,0,1013
3.5000,0.10,293.5074,0,1013
3.5000,0.10,293.8246,0,1013
3.4375,0.10,288.3209,0,1013
3.5625,0.10,298.8860,0,1013
3.4375,0.10,288.3555,0,1013
3.5000,0.10,293.6042,0,1013
3.5000,0.10,293.6013,0,1013
3.5000,0.10,293.4634,0,1013
3.5000,0.10,293.5837,0,1013
3.5000,0.10,293.5572,0,1013
3.5000,0.10,293.6395,0,1013
3.4375,0.10,288.3757,0,1013
3.5000,0.10,293.5279,0,1013
3.5000,0.10,293.6776,0,1013
3.5000,0.10,293.4751,0,1013
3.5000,0.10,293.7305,0,1013
3.5000,0.10,293.6042,0,1013
3.4375,0.10,288.3296,0,1013
3.5000,0.10,293.7482,0,1013
3.5000,0.10,293.6013,0,1013
3.5000,0.10,293.4340,0,1013
3.5000,0.10,293.6218,0,1013
3.4375,0.10,288.3469,0,1013
3.5625,0.10,298.8740,0,1013
3.4375,0.10,288.3699,0,1013
3.5000,0.10,293.4780,0,1013
3.5000,0.10,293.8599,0,1013
3.5000,0.10,293.6042,0,1013
3.5000,0.10,293.5983,0,1013
3.4375,0.10,288.3555,0,1013
3.5625,0.10,298.8471,0,1013
3.4375,0.10,288.3555,0,1013
3.5625,0.10,298.8442,0,1013
3.5000,0.10,293.6013,0,1013
3.4375,0.10,288.3497,0,1013
3.5625,0.10,298.8173,0,1013
3.4375,0.10,288.3959,0,1013
3.5000,0.10,293.6013,0,1013
3.5000,0.10,293.4604,0,1013
3.5000,0.10,293.6130,0,1013
3.5000,0.10,293.5983,0,1013
3.4375,0.10,288.3497,0,1013
3.5625,0.10,298.8561,0,1013
3.4375,0.10,288.4045,0,1013
3.5000,0.10,293.6835,0,1013
3.5000,0.10,293.4780,0,1013
3.5000,0.10,293.5895,0,1013
3.5000,0.10,293.6042,0,1013
3.4375,0.10,288.4190,0,1013
3.5625,0.10,298.7695,0,1013
3.4375,0.10,288.4305,0,1013
3.5000,0.10,293.5308,0,1013
3.5000,0.10,293.6042,0,1013
3.5000,0.10,293.5103,0,1013
3.5000,0.10,293.6923,0,1013
3.4375,0.10,288.3613,0,1013
3.5625,0.10,298.9847,0,1013
3.4375,0.10,288.3526,0,1013
3.5000,0.10,293.6042,0,1013
3.5000,0.10,293.6013,0,1013
3.5000,0.10,293.6013,0,1013
3.5000,0.10,293.6013,0,1013
